index,FINAL Sample NAME,Sequential G3 Sample No.,Biological Replicate No. (if applicable),"Preservative (Formalin, Acid Lugol's, Slide)",Cruise/ Expedition ID,Cruise/Expedition Name,Collection date (MM/DD/YY),Field Sample Name,Dive No./ Station No./ Cast No.,Sampling method,Region,Area within region,Additional Description Sampling Location,Depth (m),Altitude (m),Latitude,Longitude,Start time (local),End time (local),Start time (UTC),End time (UTC),Temp (°C),pH,Salinity (ppt),Oxygen (µM),Methane (µM),Other chem,Other chem (units X),Field Notes,Personnel Responsible for Collecting Sample,Sample Location in Lab,Station #,Net #,Date (UTC) ,Target Depth (m),Time 1 (UTC) ,Latitude 1,Longitude 1,GPS SOG 1,Wind Speed 1 (knots),Water Temp 1 (deg C) ,Bottom Depth 1 (m) ,Time 2 (UTC) ,Latitude 2,Longitude 2,GPS SOG 2,Wind Speed 2 (knots),Water Temp 2 (deg C) ,Bottom Depth 2,Time 3 (UTC) ,Latitude 3,Longitude 3,GPS SOG 3,Wind Speed 3 (knots),Water Temp 3 (deg C) ,Bottom Depth 3,Total Time In Water ,Sea State,Sampler(s),Flow Meter Type,Flow Meter SN,Flow Meter Start,Flow Meter End,Pressure Sensor SN,Pressure Sensor File Name,Actual Depth Reached (m),Number of 250 ml Ethanol Preservations,Number of 500 ml Ethanol Preservations,Number of 250 ml Formalin Preservations,Number of 500 ml Formalin Preservations,Comments,tow_type,Flow Meter 1 SN,Flow Meter 1 location,Flow Meter 1 Average Spin,Flow Meter 1 Start,Flow Meter 1 End,Flow Meter  1 Difference,Flow Meter 2 SN,Flow Meter 2 location,Flow Meter 2 Average Spin,Flow Meter 2 Start,Flow Meter 2 End,Flow Meter 2 Difference,Total Wire Out Required (m),Deployment Winch Speed (m/min),Recovery Winch Speed (m/min),Depth 1 (m),Time at Depth 1 (min),Depth 2 (m),Time at Depth 2 (min),"Wire Out, Wire Angle Pairings (m/°)",Number of 250 ml Ethanol Preservations (100) ,Number of 500 ml Ethanol Preservations (100),Number of 250 ml Ethanol Preservations (200) ,Number of 500 ml Ethanol Preservations (200),Time at Depth 1 (MM:ss),Number of 250 ml Ethanol Preservations (335-1),Number of 500 ml Ethanol Preservations (335-1),Number of 250 ml Formalin Preservations (335-2),Number of 500 ml Formalin Preservations (335-2),Negative_control
0,P101.E.WCOA21,101,,E,WCOA21,WCOA 2021,7/1/21,WCOA 1.P,CR24,Vertical 200,,,,,,,,,,,,,,,,,,,,,,CR24,V200_CR24,1-Jul-21,100,6:53,46 07.5864 N,124 31.7617 W,0.4,6.89,16.748,135.15,6:57,46 07.5790 N,124 31.7754 W,0.4,7,16.75,136.09,7:01,46 07.5393 N,124 31.7997 W,0.5,6.49,16.767,135.6,0:08,6-8,"MMS, NG, ST",TSK,7408,0,632,U-16474,V200_CR24_pressure,99.25,1,0,NA,NA,bit of a wire angle during descent; not fully vertical ,Vertical 200,,,,,,,,,,,,,,,,,,,,,,,,,,,,,,FALSE
3,P102.E.WCOA21,102,,E,WCOA21,WCOA 2021,7/2/21,WCOA 2.P,C41,Vertical 200,,,,,,,,,,,,,,,,,,,,,,C41,V200_C41,2-Jul-21,100,7:12,47 06.8942 N,125 12.0152 W,0.8,9.53,15.934,1576.78,7:17,47 06.8947 N,125 12.0190 W,0.5,12.1,15.932,1571.44,7:21,47 06.8940 N,125 12.0166 W,0.4,11.05,15.924,1570.74,0:09,4-6,"MMS, JC, BD",TSK,7408,0,744,U-16474,V200_C41_pressure,97.86,1,0,NA,NA,wire angle on descent,Vertical 200,,,,,,,,,,,,,,,,,,,,,,,,,,,,,,FALSE
7,P103.E.WCOA21,103,,E,WCOA21,WCOA 2021,7/2/21,WCOA 3.P,C41,Bongo 200,,,,,,,,,,,,,,,,,,,,,,C41,B100-200_C41,2-Jul-21,100,9:21,47 06.1049 N,125 11.6295 W,1.7,13.88,15.545,1563.06,9:27,47 05.9320 N,125 11.6465 W,1.8,9,15.552,1535.52,9:34,47 05.7227 N,125 11.6985 W,1.7,12.95,15.446,1494.87,0:13,4-6,"MMS, NG, BD",General Oceanics,,,,U-16454,B100-200_C41_pressure,104.07,,,,,,Bongo 200 and Bongo 100,B30498,100  µm (outboard),120.5,125112,149635,24523,B30497,200  µm (inboard),121.25,149054,173823,24769,141,30,20,100,0,NA,NA,"75/46, 141/49, 75/50, 0/25",0,1,0,1,,,,,,FALSE
9,P104.E.WCOA21,104,,E,WCOA21,WCOA 2021,7/3/21,WCOA 4.P,Ecola,Vertical 200,,,,,,,,,,,,,,,,,,,,,,Ecola,V200_Ecola,3-Jul-21,50,5:52,45 55.0347 N ,124 05.0735 W,0.3,12.47,17.029,71.3,5:54,45 55.0347 N ,124 05.0819 W,0.3,11.77,17.028,71.4,5:57,45 55.0331 N,124 05.0935 W,0.6,11.27,17.032,71.31,0:05,2-3,"MMS, NG, ST",TSK,7408,0,334,U-16474,V200_Ecola_pressure,49.21,1,0,NA,NA,strong wire angle on descent,Vertical 200,,,,,,,,,,,,,,,,,,,,,,,,,,,,,,FALSE
10,P105.E.WCOA21,105,,E,WCOA21,WCOA 2021,7/4/21,WCOA 5.P,NH10,Vertical 200,,,,,,,,,,,,,,,,,,,,,,NH10,V200_NH10,4-Jul-21,50,6:04,44 39.2402 N,124 17.6719 W,0.6,14.23,13.649,75.95,6:07,44 39.2402 N,124 17.6471 W,0.5,13.77,13.648,76.65,6:10,44 39.2404 N,124 17.6477 W,0.2,16.11,13.629,75.92,0:06,6-8,"MMS, NG, ST",TSK,7408,0,257,U-16474,V200_NH10_pressure,45.87,1,0,NA,NA,net drifting inboard on ship during deployment,Vertical 200,,,,,,,,,,,,,,,,,,,,,,,,,,,,,,FALSE
13,P106.E.WCOA21,106,,E,WCOA21,WCOA 2021,7/5/21,WCOA 6.P,HH20,Vertical 200,,,,,,,,,,,,,,,,,,,,,,HH20,V200_HH20,5-Jul-21,100,7:17,44 00.0410 N,124 36.0374 W,0.6,21.37,14.178,149.81,7:21,44 00.0419 N,124 36.0757 W,0.5,17.55,14.181,146.64,7:25,44 00.0412 N,124 36.1036 W,0.4,15.38,14.177,146.32,0:08,4-6,"MMS, NG, BD",TSK,7408,0,688,U-16474,V200_HH20_pressure,96.83,0,1,NA,NA,strong wind; wire angle on descent,Vertical 200,,,,,,,,,,,,,,,,,,,,,,,,,,,,,,FALSE
17,P107.E.WCOA21,107,,E,WCOA21,WCOA 2021,7/5/21,WCOA 7.P,HH20,Bongo 200,,,,,,,,,,,,,,,,,,,,,,HH20,B100-200_HH20,5-Jul-21,100,9:24,43 59.7262 N,124 36.7654 W,1.2,19.46,14.205,147.98,9:29,43 59.8414 N,124 36.9323 W,1.7,17.5,14.2,143.36,9:37,44 00.0381 N,124 37.0417 W,1.8,16.06,14.217,144.39,0:13,4-6,"MMS, NG, BD",General Oceanics,,,,U-16454,B100-200_HH20_pressure,105.2,,,,,,Bongo 200 and Bongo 100,B30498,100  µm (outboard),120.5,159177,184111,24934,B30497,200  µm (inboard),121.25,191458,217177,25719,141,30,20,100,0,NA,NA,"75/40, 141/46, 75/50, 0/51",0,1,0,1,,,,,,FALSE
23,P109.E.WCOA21,109,,E,WCOA21,WCOA 2021,7/10/21,WCOA 9.P,PA3,Bongo 200,,,,,,,,,,,,,,,,,,,,,,PA3,B100-200_PA3,10-Jul-21,75,8:07,38 54.1118 N,123 47.7328 W,1.8,22.96,10.818,94.40,8:11,38 54.1913 N,123 47.8076 W,1.3,22.14,10.833,95.38,8:15,38 54.2729 N,123 47.8769 W,0.8,21.55,10.826,96.18,0:08,8-10,"MMS, NG, CI, BD",General Oceanics,,,,U-16454,B100-200_PA3_pressure,87.61,,,,,surface current; high wire angle near surface,Bongo 200 and Bongo 100,B30498,100  µm (outboard),120.5,223449,232365,8916,B30497,200  µm (inboard),121.25,263108,283247,20139,106,30,30,75,0,NA,NA,"75/47, 106/46, 75/53, 0/49",0,1,1,0,,,,,,FALSE
25,P110.E.WCOA21,110,,E,WCOA21,WCOA 2021,7/14/21,WCOA 10.P,ML60,Vertical 200,,,,,,,,,,,,,,,,,,,,,,ML60,V200_ML60,14-Jul-21,100,7:03,36 27.0634 N,122 46.1841 W,0.6,16.22,14.801,2920.28,7:07,36 27.0321 N,122 46.2038 W,0.5,14.45,14.809,2922.99,7:11,36 27.0038 N,122 46.2231 W,0.6,14.90,14.781,2925.81,0:08,6-8,"MMS, CI, BD",TSK,7408,0,945,U-16474,V200_ML60_pressure,86.13,1,0,NA,NA,"TSK soaked in freshwater last night, seems to be spinning well; net drifting forward of science deck on recovery (strong current?) ",Vertical 200,,,,,,,,,,,,,,,,,,,,,,,,,,,,,,FALSE
28,P111.E.WCOA21,111,,E,WCOA21,WCOA 2021,7/16/21,WCOA 11.P,73.3-70,Vertical 200,,,,,,,,,,,,,,,,,,,,,,73.3-70,V200_73.3-70,16-Jul-21,100,9:12,34 58.2849 N,122 39.2520 W,0.3,18.93,15.046,4060.07,9:16,34 58.2708 N,122 39.2879 W,0.4,18.63,15.043,4060.78,9:20,34 58.2619 N,122 39.3125 W,0.4,15.77,15.041,4059.56,0:08,4-6,"MMS, CI, BD",TSK,7408,0,733,U-16474,V200_73.3-70_pressure,93.89,1,0,,,,Vertical 200,,,,,,,,,,,,,,,,,,,,,,,,,,,,,,FALSE
31,P112.E.WCOA21,112,,E,WCOA21,WCOA 2021,7/17/21,WCOA 12.P,CCE1,Vertical 200,,,,,,,,,,,,,,,,,,,,,,CCE1,V200_CCE1,17-Jul-21,100,6:54,33 28.5186 N,122 31.8029 W,0.4,18.15,16.706,3988.94,6:58,33 28.5182 N,122 31.8166 W,0.2,18.86,16.702,3989.54,7:02,33 28.5161 N,122 31.8193 W,0.2,21.82,16.698,3989.13,0:08,4-6,"MMS< CI, BD",TSK,7408,0,641,U-16474,V200_CCE1_pressure,98.81,1,0,,,,Vertical 200,,,,,,,,,,,,,,,,,,,,,,,,,,,,,,FALSE
34,P113.E.WCOA21,113,,E,WCOA21,WCOA 2021,7/18/21,WCOA 13.P,CCE2,Vertical 200,,,,,,,,,,,,,,,,,,,,,,CCE2,V200_CCE2,18-Jul-21,100,5:02,34 18.6208 N,120 48.2207 W,0.3,17.66,14.995,760.19,5:06,34 18.6120 N,120 48.2398 W,0.3,15.95,15.011,765.03,5:10,34 18.6055 N,120 48.2315 W,0.5,15.40,15.017,758.20,0:08,3-4,"MMS, CI, ST",TSK,7408,0,843,U-16474,V200_CCE2_pressure,95.68,0,1,,,small tangle near cod end; net came up under the ship and scraped the side (some barnacles in the cod end) ,Vertical 200,,,,,,,,,,,,,,,,,,,,,,,,,,,,,,FALSE
37,P114.E.WCOA21,114,,E,WCOA21,WCOA 2021,7/19/21,WCOA 14.P,SCORP,Vertical 200,,,,,,,,,,,,,,,,,,,,,,SCORP,V200_SCORP,19-Jul-21,50,9:24,34 04.2836 N,119 31.6418 W,0.2,1.18,19.677,76.04,9:26,34 04.2744 N,119 31.6404 W,0.2,0.53,19.680,75.86,9:28,34 04.2672 N,119 31.6430 W,0.2,1.13,19.681,75.93,0:04,0-1,"MMS, NG, CI, BD",TSK,7408,0,307,U-16474,V200_SCORP_pressure,48.16,1,0,,,,Vertical 200,,,,,,,,,,,,,,,,,,,,,,,,,,,,,,FALSE
41,P115.E.WCOA21,115,,E,WCOA21,WCOA 2021,7/21/21,WCOA 15.P,90-35,Bongo 200,,,,,,,,,,,,,,,,,,,,,,90-35,B100-200_90-35,21-Jul-21,100,6:08,33 14.2485 N,118 16.5831 W,1.7,12.73,20.457,1061.89,6:13,33 14.1754 N,118 16.7485 W,1.6,13.91,20.481,1103.87,6:21,33 14.0784 N,118 16.9544 W,1.6,13.63,20.466,1137.29,0:13,0-3,"MMS, NG, CI, ST",General Oceanics,,,,U-16454,B100-200_90-35_pressure,97.78,,,,,"Did not record flow meter readings at start of tow, so using final readings from tow on previous day",Bongo 200 and Bongo 100,B30498,100  µm (outboard),120.5,436592,455695,19103,B30497,200  µm (inboard),121.25,518235,542570,24335,141,30,20,100,0:15,NA,NA,"75/48, 141/47, 75/49, 0/39",1,0,1,0,,,,,,FALSE
43,P116.E.WCOA21,116,,E,WCOA21,,,V200_QC43_EtOH,QC43,Vertical 200,,,,,,,,,,,,,,,,,,,,,,QC43,V200_QC43,26-Jun-21,100,6:54,52 01.0266 N,129 58.2913 W,0.5,22.3,DNR,127.91,6:58,52 01.0266 N,129 58.2960 W,0.2,20.9,DNR,127.69,7:01,52 01.0239 N,129 58.2948 W,0.3,21.85,DNR,127.86,0:07,4-6,"MMS, KC, ST",TSK,7408,0,1081,U-16474,V200-1_QC43_pressure,86.48,1,0,1,0,TSK visibly spinning in wind on recovery,Vertical 200,,,,,,,,,,,,,,,,,,,,,,,,,,,,,,FALSE
46,P117.E.WCOA21,117,,E,WCOA21,,,V200_BS64_EtOH,BS64,Vertical 200,,,,,,,,,,,,,,,,,,,,,,BS64,V200_BS64,27-Jun-21,100,8:20,48 11.1203 N,126 36.1660 W,0.4,7.25,15.304,2481.42,8:24,48 11.1191 N,126 36.1672 W,0.4,7.32,15.31,2481.69,8:28,48 11.1193 N,126 36.1732 W,0.5,7.14,15.298,2481.77,0:08,2-4,"MMS, NG, BD",TSK,7408,0,641,U-16474,V200_BS64_pressure,96.3,1,0,NA,NA,,Vertical 200,,,,,,,,,,,,,,,,,,,,,,,,,,,,,,FALSE
49,P118.E.WCOA21,118,,E,WCOA21,,,V200_BS14_EtOH,BS14,Vertical 200,,,,,,,,,,,,,,,,,,,,,,BS14,V200_BS14,28-Jun-21,100,3:16,48 43.1776N,125 40.5677W,0.5,9.86,16.528,162.77,3:20,48 43.1750N,125 40.5724W,0.3,10.66,17.139,162.7,3:24,48 43.1763N,125 40.5744W,0.3,10.01,16.134,159.13,0:08,0-2,"MMS, JC, ST",TSK,7408,0,761,U-16474,V200_BS14_pressure,92.11,1,0,NA,NA,towing at a sight angle,Vertical 200,,,,,,,,,,,,,,,,,,,,,,,,,,,,,,FALSE
50,P119.E.WCOA21,119,,E,WCOA21,,,V200_BS6 _EtOH,BS6,Vertical 200,,,,,,,,,,,,,,,,,,,,,,BS6,V200_BS6 ,28-Jun-21,80,6:44,48 48.6375 N,125 31.1443 W,0.4,5.44,16.705,104.76,6:47,48 48.6455 N,125 31.1656 W,0.4,6.09,16.839,107.04,6:50,48 48.6516 N,125 31.1839 W,0.4,7.08,16.457,105.5,0:06,0-2,"MMS, JC, ST",TSK,7408,0,518,U-16474,V200_BS6_pressure,78.65,1,0,NA,NA,very visible algae clogging,Vertical 200,,,,,,,,,,,,,,,,,,,,,,,,,,,,,,FALSE
53,P120.E.WCOA21,120,,E,WCOA21,,,V200-2_ChaBa_EtOH,ChaBa,Vertical 200,,,,,,,,,,,,,,,,,,,,,,ChaBa,V200-2_ChaBa,29-Jun-21,70,6:18,47 58.7719 N,124 56.5312 W,0.4,14.92,15.108,91.1,6:21,47 58.7782 N,124 56.5102 W,0.5,14.02,15.062,91.23,6:25,47 58.7789 N,124 56.5059 W,0.4,15.4,15.059,91.27,0:07,4-6,"MMS, NG, ST",TSK,7408,0,515,U-16474,V200_ChaBa_pressure,67.62,1,0,NA,NA,"net tangled initially; redeployed (which is why the net # is V200-2, to match deployment log)",Vertical 200,,,,,,,,,,,,,,,,,,,,,,,,,,,,,,FALSE
56,P121.E.WCOA21,121,,E,WCOA21,,,V200_CR40_EtOH,CR40,Vertical 200,,,,,,,,,,,,,,,,,,,,,,CR40,V200_CR40,30-Jun-21,100,7:02,46 07.7915 N,124 54.8496 W,0.3,13.38,16.437,1311.71,7:07,46 07.7995 N,124 54.8191 W,0.2,15.04,16.434,1296.18,7:10,46 07.8015 N,124 54.8073 W,0.4,14.46,16.417,1296.39,0:08,4-6,"MMS, NG, BD",TSK,7408,0,690,DNR,DNR,DNR,2,0,NA,NA,pressure sensor not attached,Vertical 200,,,,,,,,,,,,,,,,,,,,,,,,,,,,,,FALSE
59,P122.E.WCOA21,122,,E,WCOA21,,,V200_CR24_EtOH,CR24,Vertical 200,,,,,,,,,,,,,,,,,,,,,,CR24,V200_CR24,1-Jul-21,100,6:53,46 07.5864 N,124 31.7617 W,0.4,6.89,16.748,135.15,6:57,46 07.5790 N,124 31.7754 W,0.4,7,16.75,136.09,7:01,46 07.5393 N,124 31.7997 W,0.5,6.49,16.767,135.6,0:08,6-8,"MMS, NG, ST",TSK,7408,0,632,U-16474,V200_CR24_pressure,99.25,1,0,NA,NA,bit of a wire angle during descent; not fully vertical ,Vertical 200,,,,,,,,,,,,,,,,,,,,,,,,,,,,,,FALSE
62,P123.E.WCOA21,123,,E,WCOA21,,,V200_C41_EtOH,C41,Vertical 200,,,,,,,,,,,,,,,,,,,,,,C41,V200_C41,2-Jul-21,100,7:12,47 06.8942 N,125 12.0152 W,0.8,9.53,15.934,1576.78,7:17,47 06.8947 N,125 12.0190 W,0.5,12.1,15.932,1571.44,7:21,47 06.8940 N,125 12.0166 W,0.4,11.05,15.924,1570.74,0:09,4-6,"MMS, JC, BD",TSK,7408,0,744,U-16474,V200_C41_pressure,97.86,1,0,NA,NA,wire angle on descent,Vertical 200,,,,,,,,,,,,,,,,,,,,,,,,,,,,,,FALSE
65,P124.E.WCOA21,124,,E,WCOA21,,,V200_Ecola_EtOH,Ecola,Vertical 200,,,,,,,,,,,,,,,,,,,,,,Ecola,V200_Ecola,3-Jul-21,50,5:52,45 55.0347 N ,124 05.0735 W,0.3,12.47,17.029,71.3,5:54,45 55.0347 N ,124 05.0819 W,0.3,11.77,17.028,71.4,5:57,45 55.0331 N,124 05.0935 W,0.6,11.27,17.032,71.31,0:05,2-3,"MMS, NG, ST",TSK,7408,0,334,U-16474,V200_Ecola_pressure,49.21,1,0,NA,NA,strong wire angle on descent,Vertical 200,,,,,,,,,,,,,,,,,,,,,,,,,,,,,,FALSE
66,P125.E.WCOA21,125,,E,WCOA21,,,V200_NH10_EtOH,NH10,Vertical 200,,,,,,,,,,,,,,,,,,,,,,NH10,V200_NH10,4-Jul-21,50,6:04,44 39.2402 N,124 17.6719 W,0.6,14.23,13.649,75.95,6:07,44 39.2402 N,124 17.6471 W,0.5,13.77,13.648,76.65,6:10,44 39.2404 N,124 17.6477 W,0.2,16.11,13.629,75.92,0:06,6-8,"MMS, NG, ST",TSK,7408,0,257,U-16474,V200_NH10_pressure,45.87,1,0,NA,NA,net drifting inboard on ship during deployment,Vertical 200,,,,,,,,,,,,,,,,,,,,,,,,,,,,,,FALSE
69,P126.E.WCOA21,126,,E,WCOA21,,,V200_HH20_EtOH,HH20,Vertical 200,,,,,,,,,,,,,,,,,,,,,,HH20,V200_HH20,5-Jul-21,100,7:17,44 00.0410 N,124 36.0374 W,0.6,21.37,14.178,149.81,7:21,44 00.0419 N,124 36.0757 W,0.5,17.55,14.181,146.64,7:25,44 00.0412 N,124 36.1036 W,0.4,15.38,14.177,146.32,0:08,4-6,"MMS, NG, BD",TSK,7408,0,688,U-16474,V200_HH20_pressure,96.83,0,1,NA,NA,strong wind; wire angle on descent,Vertical 200,,,,,,,,,,,,,,,,,,,,,,,,,,,,,,FALSE
72,P127.E.WCOA21,127,,E,WCOA21,,,V200_B66_EtOH,B66,Vertical 200,,,,,,,,,,,,,,,,,,,,,,B66,V200_B66,6-Jul-21,100,7:40,41 42.9744 N,125 39.5566 W,0.8,22.44,15.174,2860.87,7:45,41 42.9698 N,125 39.5913 W,0.4,20.87,15.179,2857.14,7:48,41 42.9620N,125 39.6353 W,0.7,20.18,15.184,2853.14,0:08,8-10,"MMS, KC, BD",TSK,7408,0,660,U-16474,V200_B66_pressure,96.8,1,0,NA,NA,strong wind; angle on entry to the water,Vertical 200,,,,,,,,,,,,,,,,,,,,,,,,,,,,,,FALSE
75,P128.E.WCOA21,128,,E,WCOA21,,,V200_PA3_EtOH,PA3,Vertical 200,,,,,,,,,,,,,,,,,,,,,,PA3,V200_PA3,10-Jul-21,70,5:55,38 53.6852 N,123 47.4388 W,0.2,19.39,10.675,94.00,5:58,38 53.6838 N,123 47.4425 W,0.3,18.83,10.700,94.04,6:02,38 53.6803 N,123 47.4497 W,0.3,20.02,10.719,93.49,0:07,8-10,"MMS, CI, ST",TSK,7408,0,395,U-16474,V200_PA3_pressure,68.52,1,0,NA,NA,slight wire angle on descent/wire angle on recovery,Vertical 200,,,,,,,,,,,,,,,,,,,,,,,,,,,,,,FALSE
78,P129.E.WCOA21,129,,E,WCOA21,,,V200_PR15_EtOH,PR15,Vertical 200,,,,,,,,,,,,,,,,,,,,,,PR15,V200_PR15,11-Jul-21,60,8:05,37 51.5804 N,123 03.6003 W,0.3,17.91,11.729,84.30,8:08,37 51.5773 N,123 03.6050 W,0.3,20.19,11.716,85.09,8:11,37 51.5720 N,123 03.6105 W,0.1,17.90,11.716,84.86,0:06,6-8,"MMS, NG, CI, BD",TSK,7408,0,355,U-16474,V200_PR15_pressure,58.59,1,0,NA,NA,net tangled at bottom; did not seem to affect deployment,Vertical 200,,,,,,,,,,,,,,,,,,,,,,,,,,,,,,FALSE
81,P130.E.WCOA21,130,,E,WCOA21,,,V200_GGTX1_EtOH,GGTX1,Vertical 200,,,,,,,,,,,,,,,,,,,,,,GGTX1,V200_GGTX1,13-Jul-21,60,5:00,37 39.4059 N,122 59.8376 W,0.2,14.33,11.869,82.30,5:03,37 39.3969 N,122 59.8441 W,0.4,18.97,11.866,82.82,5:06,37 39.3853 N,122 59.8560 W,0.3,13.48,11.874,83.49,0:06,4-6,"MMS, CI, ST",TSK,7408,0,45,U-16474,V200_GGTX1_pressure,60.29,1,0,NA,NA,"TSK clearly getting sticky; not correct flow reading (second dial did not spin, it seems); soaking both TSKs in freshwater over night",Vertical 200,,,,,,,,,,,,,,,,,,,,,,,,,,,,,,FALSE
84,P131.E.WCOA21,131,,E,WCOA21,,,V200_ML60_EtOH,ML60,Vertical 200,,,,,,,,,,,,,,,,,,,,,,ML60,V200_ML60,14-Jul-21,100,7:03,36 27.0634 N,122 46.1841 W,0.6,16.22,14.801,2920.28,7:07,36 27.0321 N,122 46.2038 W,0.5,14.45,14.809,2922.99,7:11,36 27.0038 N,122 46.2231 W,0.6,14.90,14.781,2925.81,0:08,6-8,"MMS, CI, BD",TSK,7408,0,945,U-16474,V200_ML60_pressure,86.13,1,0,NA,NA,"TSK soaked in freshwater last night, seems to be spinning well; net drifting forward of science deck on recovery (strong current?) ",Vertical 200,,,,,,,,,,,,,,,,,,,,,,,,,,,,,,FALSE
87,P132.E.WCOA21,132,,E,WCOA21,,,V200_ML11_EtOH,ML11,Vertical 200,,,,,,,,,,,,,,,,,,,,,,ML11,V200_ML11,15-Jul-21,90,5:31,36 44.1321 N,121 58.1267 W,0.1,4.90,13.876,116.36,5:35,36 44.1319 N,121 58.1274 W,0.2,4.15,13.861,116.49,5:40,36 44.1320 N,121 58.1266 W,0.1,3.91,13.839,116.51,0:09,4-6,"MMS, CI, ST",TSK,7408,0,444,U-16474,V200_ML11_presure,88.87,1,0,NA,NA,,Vertical 200,,,,,,,,,,,,,,,,,,,,,,,,,,,,,,FALSE
90,P133.E.WCOA21,133,,E,WCOA21,,,V200_73.3-70_EtOH,73.3-70,Vertical 200,,,,,,,,,,,,,,,,,,,,,,73.3-70,V200_73.3-70,16-Jul-21,100,9:12,34 58.2849 N,122 39.2520 W,0.3,18.93,15.046,4060.07,9:16,34 58.2708 N,122 39.2879 W,0.4,18.63,15.043,4060.78,9:20,34 58.2619 N,122 39.3125 W,0.4,15.77,15.041,4059.56,0:08,4-6,"MMS, CI, BD",TSK,7408,0,733,U-16474,V200_73.3-70_pressure,93.89,1,0,,,,Vertical 200,,,,,,,,,,,,,,,,,,,,,,,,,,,,,,FALSE
93,P134.E.WCOA21,134,,E,WCOA21,,,V200_CCE1_EtOH,CCE1,Vertical 200,,,,,,,,,,,,,,,,,,,,,,CCE1,V200_CCE1,17-Jul-21,100,6:54,33 28.5186 N,122 31.8029 W,0.4,18.15,16.706,3988.94,6:58,33 28.5182 N,122 31.8166 W,0.2,18.86,16.702,3989.54,7:02,33 28.5161 N,122 31.8193 W,0.2,21.82,16.698,3989.13,0:08,4-6,"MMS< CI, BD",TSK,7408,0,641,U-16474,V200_CCE1_pressure,98.81,1,0,,,,Vertical 200,,,,,,,,,,,,,,,,,,,,,,,,,,,,,,FALSE
96,P135.E.WCOA21,135,,E,WCOA21,,,V200_CCE2_EtOH,CCE2,Vertical 200,,,,,,,,,,,,,,,,,,,,,,CCE2,V200_CCE2,18-Jul-21,100,5:02,34 18.6208 N,120 48.2207 W,0.3,17.66,14.995,760.19,5:06,34 18.6120 N,120 48.2398 W,0.3,15.95,15.011,765.03,5:10,34 18.6055 N,120 48.2315 W,0.5,15.40,15.017,758.20,0:08,3-4,"MMS, CI, ST",TSK,7408,0,843,U-16474,V200_CCE2_pressure,95.68,0,1,,,small tangle near cod end; net came up under the ship and scraped the side (some barnacles in the cod end) ,Vertical 200,,,,,,,,,,,,,,,,,,,,,,,,,,,,,,FALSE
99,P136.E.WCOA21,136,,E,WCOA21,,,V200_SCORP_EtOH,SCORP,Vertical 200,,,,,,,,,,,,,,,,,,,,,,SCORP,V200_SCORP,19-Jul-21,50,9:24,34 04.2836 N,119 31.6418 W,0.2,1.18,19.677,76.04,9:26,34 04.2744 N,119 31.6404 W,0.2,0.53,19.680,75.86,9:28,34 04.2672 N,119 31.6430 W,0.2,1.13,19.681,75.93,0:04,0-1,"MMS, NG, CI, BD",TSK,7408,0,307,U-16474,V200_SCORP_pressure,48.16,1,0,,,,Vertical 200,,,,,,,,,,,,,,,,,,,,,,,,,,,,,,FALSE
102,P137.E.WCOA21,137,,E,WCOA21,,,V200_90-28_EtOH,90-28,Vertical 200,,,,,,,,,,,,,,,,,,,,,,90-28,V200_90-28,20-Jul-21,30,9:10,33 28.7323 N,117 45.6680 W,0.2,2.10,20.021,52.11,9:12,33 28.7296 N,117 45.6696 W,0.1,2.34,20.030,52.39,9:14,33 28.7286 N,117 45.6708 W,0.1,1.94,20.183,52.62,0:04,0-1,"MMS, CI, BD",TSK,7408,0,258,U-16474,V200_90-28_pressure,25.32,1,0,,,wire angle toward aft on recovery,Vertical 200,,,,,,,,,,,,,,,,,,,,,,,,,,,,,,FALSE
105,P138.E.WCOA21,138,,E,WCOA21,,,V200_90-35_EtOH,90-35,Vertical 200,,,,,,,,,,,,,,,,,,,,,,90-35,V200_90-35,21-Jul-21,100,4:12,33 15.0570 N,118 14.9357 N,0.1,7.26,20.339,342.09,4:16,33 15.0481 N,118 14.9352 W,0.3,6.22,20.370,347.32,4:21,33 15.0475 N,118 14.9348 W,0.1,7.30,20.345,348.32,0:09,0-3,"MMS, NG, CI, ST",TSK,7408,0,340,U-16474,V200_90-35_pressure,95.05,1,0,,,strong outboard wire angle; flow meter may not have been tripped correctly,Vertical 200,,,,,,,,,,,,,,,,,,,,,,,,,,,,,,FALSE
108,P139.E.WCOA21,139,,E,WCOA21,,,V200_90-60_EtOH,90-60,Vertical 200,,,,,,,,,,,,,,,,,,,,,,90-60,V200_90-60,22-Jul-21,100,7:08,32 24.7226 N,119 56.4820 W,0.5,17.93,17.346,912.87,7:12,32 24.7152 N,119 56.4908 W,0.2,18.56,17.341,911.68,7:16,32 24.7151 N,119 56.4911 W,0.3,17.15,17.339,913.86,0:08,4-6,"MMS, NG, CI, BD",TSK,7408,0,662,U-16474,V200_90-60_pressure,97.6,1,0,,,,Vertical 200,,,,,,,,,,,,,,,,,,,,,,,,,,,,,,FALSE
111,P140.E.WCOA21,140,,E,WCOA21,,,V200_P02-12_EtOH,P02-12,Vertical 200,,,,,,,,,,,,,,,,,,,,,,P02-12,V200_P02-12,23-Jul-21,100,6:53,31 45.9196 N,120 14.1145 W,0.3,13.20,17.485,4035.51,6:57,31 45.9059 N,120 14.1300 W,0.6,14.58,17.486,4054.72,7:01,31 45.9010 N,120 14.1378 W,0.2,14.33,17.481,4040.42,0:08,4-6,"MMS, NG, CI, ST",TSK,7408,0,668,U-16474,V200_P02-12_pressure,96.15,1,0,,,,Vertical 200,,,,,,,,,,,,,,,,,,,,,,,,,,,,,,FALSE
115,P141.E.WCOA21,141,,E,WCOA21,,,B100_QC85_EtOH,QC85,Bongo 100,,,,,,,,,,,,,,,,,,,,,,QC85,B100-200_QC85,25-Jun-21,100,10:51,51 28.6964 N,130 49.9102 W,1.3,12.45,DNR,1838.65,10:57,51 28.5668 N,130 49.8517 W,1.4,11.03,DNR,1838.13,11:07,51 28.4276 N,130 49.7460 W,1.4,12.03,DNR,1821.84,0:16,6-8,"MMS, NG, BD",General Oceanics,,,,U-16454,B100-200_QC85_pressure,102.34,,,,,challenging to get wire angle correct; ship speed ~1 knot on ascent; needed time to stabilize wire angle when reaching depth 1,Bongo 200 and Bongo 100,B30498,100  µm (outboard),120.5,87,30429,30342,B30497,200  µm (inboard),121.25,22,30969,30947,141,30,20,100,2:00,NA,NA,"75/49, 141/54, 75/41, 35/37.5, 0/55",1,0,1,0,,,,,,FALSE
118,P142.E.WCOA21,142,,E,WCOA21,,,B100_BS64_EtOH,BS64,Bongo 100,,,,,,,,,,,,,,,,,,,,,,BS64,B100-200_BS64,27-Jun-21,100,11:17,48 11.4530 N,126 35.8388 W,1.1,9.39,15.129,2482.39,11:22,48 11.3294 N,126 35.8712 W,1.2,10.01,15.228,2480.21,11:30,48 11.1790 N,126 35.9100 W,1.4,8.6,15.192,2477.05,0:13,2-4,"MMS, NG, BD",General Oceanics,,,,U-16454,B100-200_BS64_pressure,103.16,,,,,lot of biomass (seems to be clogging on recovery; draining slow),Bongo 200 and Bongo 100,B30498,100  µm (outboard),120.5,30715,50424,19709,B30497,200  µm (inboard),121.25,31187,54729,23542,141,30,20,100,0,NA,NA,"75/48, 141/46, 75/50, 35/49, 0/45",3,0,3,0,,,,,,FALSE
121,P143.E.WCOA21,143,,E,WCOA21,,,B100_BS6_EtOH,BS6,Bongo 100,,,,,,,,,,,,,,,,,,,,,,BS6,B100-200_BS6,28-Jun-21,70,8:59,48 48.3249 N,125 29.5464 W,1.7,8.98,14.196,101.75,9:04,48 48.3690 N,125 29.7646 W,2.3,8.5,14.345,102.74,9:10,48 48.4247 N,125 30.0166W,1.5,8.46,15.21,102.95,0:11,0-2,"MMS, NG, BD",General Oceanics,,,,U-16454,B100-200_BS6_pressure,67.81,,,,,,Bongo 200 and Bongo 100,B30498,100  µm (outboard),120.5,50568,56143,5575,B30497,200  µm (inboard),121.25,54784,71100,16316,100,30,20,70,0,NA,NA,"35/29, 75/40, 100/50, 75/56, 35/44, 0/15",2,0,2,0,,,,,,FALSE
124,P144.E.WCOA21,144,,E,WCOA21,,,B100_ChaBa_EtOH,ChaBa,Bongo 100,,,,,,,,,,,,,,,,,,,,,,ChaBa,B100-200_ChaBa,29-Jun-21,70,8:30,47 57.6601 N,124 54.8863 W,1.6,15.11,15.36,82.76,8:34,47 57.5573 N,124 54.7843 W,1.9,14.27,15.329,82.65,8:47,47 57.2805 N,124 54.4792 W,1.7,15.5,14.438,80.43,0:17,4-6,"MMS, NG, BD",General Oceanics,,,,U-16454,B100-200_ChaBa_pressure,70.41,,,,,surface current; high wire angle at end of tow,Bongo 200 and Bongo 100,B30498,100  µm (outboard),120.5,56173,85888,29715,B30497,200  µm (inboard),121.25,71101,103649,32548,105,20,10,70,0,NA,NA,"50/30, 105/46, 50/37, 0/55",1,0,1,0,,,,,,FALSE
127,P145.E.WCOA21,145,,E,WCOA21,,,B100_CR40_EtOH,CR40,Bongo 100,,,,,,,,,,,,,,,,,,,,,,CR40,B100-200_CR40,30-Jun-21,100,9:13,46 08.0103 N,124 54.9276 W,1.3,11.72,16.111,1261.07,9:19,46 07.9090 N,124 54.8213 W,1.5,15.43,16.075,1284.08,9:24,46 07.8020 N,124 54.7218 W,1.3,14.71,16.098,1301.7,0:11,4-6,"MMS, NG, BD",General Oceanics,,,,U-16454,B100-200_CR40_pressure,116.54,,,,,,Bongo 200 and Bongo 100,B30498,100  µm (outboard),120.5,85903,101324,15421,B30497,200  µm (inboard),121.25,103638,125174,21536,141,30,30,100,0,NA,NA,"111/39, 141/40, 75/46, 0/51",0,1,0,1,,,,,,FALSE
130,P146.E.WCOA21,146,,E,WCOA21,,,B100_CR24_EtOH,CR24,Bongo 100,,,,,,,,,,,,,,,,,,,,,,CR24,B100-200_CR24,1-Jul-21,100,8:47,46 08.0001 N,124 32.3428 W,1.2,6.31,16.989,136.95,8:53,46 08.0692 N,124 32.4064 W,0.9,5.5,16.997,139.21,9:01,46 08.1995 N,124 32.5339 W,0.8,4.76,17.04,139.1,0:14,6-8,"MMS, NG, BD",General Oceanics,,,,U-16454,B100-200_CR24_pressure,128.91,,,,,,Bongo 200 and Bongo 100,B30498,100  µm (outboard),120.5,101404,125103,23699,B30497,200  µm (inboard),121.25,125239,148610,23371,141,30,20,100,01:05.2,NA,NA,"75/48, 141/38, 75/46, 0/51",1,0,1,0,,,,,,FALSE
133,P147.E.WCOA21,147,,E,WCOA21,,,B100_C41_EtOH,C41,Bongo 100,,,,,,,,,,,,,,,,,,,,,,C41,B100-200_C41,2-Jul-21,100,9:21,47 06.1049 N,125 11.6295 W,1.7,13.88,15.545,1563.06,9:27,47 05.9320 N,125 11.6465 W,1.8,9,15.552,1535.52,9:34,47 05.7227 N,125 11.6985 W,1.7,12.95,15.446,1494.87,0:13,4-6,"MMS, NG, BD",General Oceanics,,,,U-16454,B100-200_C41_pressure,104.07,,,,,,Bongo 200 and Bongo 100,B30498,100  µm (outboard),120.5,125112,149635,24523,B30497,200  µm (inboard),121.25,149054,173823,24769,141,30,20,100,0,NA,NA,"75/46, 141/49, 75/50, 0/25",0,1,0,1,,,,,,FALSE
136,P148.E.WCOA21,148,,E,WCOA21,,,B100_NH10_EtOH,NH10,Bongo 100,,,,,,,,,,,,,,,,,,,,,,NH10,B100-200_NH10,4-Jul-21,surface,8:30,44 39.2533 N,124 18.2980 W,1,15.41,13.586,76.64,NA,NA,NA,NA,NA,NA,NA,8:51,44 39.4348 N,124 18.8143 W,1.1,13.81,13.578,75.73,0:21,6-8,"MMS, NG, BD",General Oceanics,,,,U-16454,B100-200_NH10_pressure,3.87,,,,,deploying bongo like neuston -- because shallow and lot of algae,Bongo 200 and Bongo 100,B30498,100  µm (outboard),120.5,149639,159007,9368,B30497,200  µm (inboard),121.25,173847,191241,17394,NA,NA,NA,surface,20:00,NA,NA,NA,0,1,0,1,,,,,,FALSE
139,P149.E.WCOA21,149,,E,WCOA21,,,B100_HH20_EtOH,HH20,Bongo 100,,,,,,,,,,,,,,,,,,,,,,HH20,B100-200_HH20,5-Jul-21,100,9:24,43 59.7262 N,124 36.7654 W,1.2,19.46,14.205,147.98,9:29,43 59.8414 N,124 36.9323 W,1.7,17.5,14.2,143.36,9:37,44 00.0381 N,124 37.0417 W,1.8,16.06,14.217,144.39,0:13,4-6,"MMS, NG, BD",General Oceanics,,,,U-16454,B100-200_HH20_pressure,105.2,,,,,,Bongo 200 and Bongo 100,B30498,100  µm (outboard),120.5,159177,184111,24934,B30497,200  µm (inboard),121.25,191458,217177,25719,141,30,20,100,0,NA,NA,"75/40, 141/46, 75/50, 0/51",0,1,0,1,,,,,,FALSE
142,P150.E.WCOA21,150,,E,WCOA21,,,B100_B66_EtOH,B66,Bongo 100,,,,,,,,,,,,,,,,,,,,,,B66,B100-200_B66,6-Jul-21,100,9:39,41 44.3734 N,125 40.8233 W,1.7,21.23,15.476,2889.79,9:44,41 44.4911 N,125 40.9157 W,1.6,22.56,15.479,2870.92,9:59,41 44.7542 N,125 41.1072 W,1.1,19.42,15.482,2858.28,0:20,8-10,"MMS, NG, BD",General Oceanics,,,,U-16454,B100-200_B66_pressure,80.74,,,,,slow recovery speed because other nets had so little biomass,Bongo 200 and Bongo 100,B30498,100  µm (outboard),120.5,184090,223399,39309,B30497,200  µm (inboard),121.25,217168,263140,45972,141,30,10,100,1:16,NA,NA,"85/52, 141/56, 75/48, 0/50",1,0,1,0,,,,,,FALSE
145,P151.E.WCOA21,151,,E,WCOA21,,,B100_PA3_EtOH,PA3,Bongo 100,,,,,,,,,,,,,,,,,,,,,,PA3,B100-200_PA3,10-Jul-21,75,8:07,38 54.1118 N,123 47.7328 W,1.8,22.96,10.818,94.40,8:11,38 54.1913 N,123 47.8076 W,1.3,22.14,10.833,95.38,8:15,38 54.2729 N,123 47.8769 W,0.8,21.55,10.826,96.18,0:08,8-10,"MMS, NG, CI, BD",General Oceanics,,,,U-16454,B100-200_PA3_pressure,87.61,,,,,surface current; high wire angle near surface,Bongo 200 and Bongo 100,B30498,100  µm (outboard),120.5,223449,232365,8916,B30497,200  µm (inboard),121.25,263108,283247,20139,106,30,30,75,0,NA,NA,"75/47, 106/46, 75/53, 0/49",0,1,1,0,,,,,,FALSE
148,P152.E.WCOA21,152,,E,WCOA21,,,B100_PR15_EtOH,PR15,Bongo 100,,,,,,,,,,,,,,,,,,,,,,PR15,B100-200_PR15,11-Jul-21,70,9:35,37 52.2896 N,123 04.9353 W,1.1,19.30,11.532,84.72,9:39,37 52.3484 N,123 05.0428 W,1.5,21.27,11.649,84.23,9:44,37 52.4016 N,123 05.1498 W,1.1,21.21,11.655,85.00,0:09,6-8,"MMS, NG, CI, BD",General Oceanics,,,,U-16454,B100-200_PR15_pressure,67.49,,,,,bongo nets ripped during a storm; first tow with new replacement nets; flow meters also refilled,Bongo 200 and Bongo 100,B30498,100  µm (outboard),120.5,232676,247222,14546,B30497,200  µm (inboard),121.25,283151,301692,18541,99,30,20,70,0:15,NA,NA,"75/50, 99/51, 75/49, 0/46",1,0,1,0,,,,,,FALSE
151,P153.E.WCOA21,153,,E,WCOA21,,,B100_GGTX1_EtOH,GGTX1,Bongo 100,,,,,,,,,,,,,,,,,,,,,,GGTX1,B100-200_GGTX1,13-Jul-21,90,6:54,37 38.8438 N,123 02.1008 W,1.3,14.97,11.988,113.08,6:59,37 38.8987 N,123 02.2556 W,1.7,15.85,11.982,112.32,7:07,37 38.9749 N,123 02.4781 W,1.8,15.80,11.992,113.64,0:13,4-6,"MMS, NG, CI, ST",General Oceanics,,,,U-16454,B100-200_GGTX1_pressure,94.61,,,,,,Bongo 200 and Bongo 100,B30498,100  µm (outboard),120.5,247258,270920,23662,B30497,200  µm (inboard),121.25,301747,326185,24438,127,30,20,90,0,NA,NA,"75/39, 127/44, 75/44, 0/44",1,0,1,0,,,,,,FALSE
154,P154.E.WCOA21,154,,E,WCOA21,,,B100_ML60_EtOH,ML60,Bongo 100,,,,,,,,,,,,,,,,,,,,,,ML60,B100-200_ML60,14-Jul-21,100,9:08,36 27.4279 N,122 46.3705 W,1.6,15.08,14.760,2720.93,9:14,36 27.5248 N,122 46.5385 W,2.1,10.14,14.758,2951.85,9:21,36 27.6581 N,122 46.7738 W,1.9,10.17,14.757,2959.27,0:13,6-8,"MMS, NG, CI, BD",General Oceanics,,,,U-16454,B100-200_ML60_pressure,101.14,,,,,seems to be a strong current <10 m; bad wire angles on recovery,Bongo 200 and Bongo 100,B30498,100  µm (outboard),120.5,271164,291370,20206,B30497,200  µm (inboard),121.25,326411,348467,22056,141,30,20,100,0,NA,NA,"75/32, 141/48, 75/51, 0/30",1,0,1,0,,,,,,FALSE
157,P155.E.WCOA21,155,,E,WCOA21,,,B100_ML11_EtOH,ML11,Bongo 100,,,,,,,,,,,,,,,,,,,,,,ML11,B100-200_ML11,15-Jul-21,100,8:04,36 44.1209 N,121 58.3280 W,1.7,2.96,13.540,134.46,8:10,36 43.9966 N,121 58.4374 W,1.7,5.04,13.604,150.36,8:24,36 43.6461 N,121 58.7510 W,1.7,7.29,13.833,337.25,0:20,2-4,"MMS, NG, CI, BD",General Oceanics,,,,U-16454,B100-200_ML11_pressure,106.7,,,,,,Bongo 200 and Bongo 100,B30498,100  µm (outboard),120.5,291404,328014,36610,B30497,200  µm (inboard),121.25,348475,387837,39362,141,30,10,100,0,NA,NA,"75/40, 141/49, 75/49, 0/39",0,1,1,0,,,,,,FALSE
160,P156.E.WCOA21,156,,E,WCOA21,,,B100_73.3-70_EtOH,73.3-70,Bongo 100,,,,,,,,,,,,,,,,,,,,,,73.3-70,B100-200_73.3-70,16-Jul-21,100,11:10,34 59.2289 N,122 40.8673 W,0.6,19.79,15.018,4053.57,11:16,34 59.3513 N,122 40.9980 W,1.8,18.23,15.004,4301.46,11:23,34 59.4684 N,122 41.1425 W,1.9,18.27,15.007,4053.42,0:13,4-6,"MMS, NG, CI, BD",General Oceanics,,,,U-16454,B100-200_73.3-70_pressure,95.41,,,,,small tear on seam of 200 um net (near opening) ,Bongo 200 and Bongo 100,B30498,100  µm (outboard),120.5,328010,344545,16535,B30497,200  µm (inboard),121.25,387847,408622,20775,141,30,20,100,0,NA,NA,"75/49, 141/50, 75/49, 0/44",0,2,0,2,,,,,,FALSE
163,P157.E.WCOA21,157,,E,WCOA21,,,B100_CCE1_EtOH,CCE1,Bongo 100,,,,,,,,,,,,,,,,,,,,,,CCE1,B100-200_CCE1,17-Jul-21,100,8:42,33 29.7137 N,122 33.2865 W,1.1,20.71,16.743,3976.67,8:47,33 29.8274 N,122 33.3737 W,1.9,20.06,16.742,3978.87,9:04,33 30.1801 N,122 33.6534 W,1.3,22.46,16.722,3982.72,0:22,4-6,"MMS, NG, CI, BD",General Oceanics,,,,U-16454,B100-200_CCE1_pressure,99.51,,,,,,Bongo 200 and Bongo 100,B30498,100  µm (outboard),120.5,344936,380928,35992,B30497,200  µm (inboard),121.25,409374,449552,40178,141,30,10,100,0:45,NA,NA,"75/42, 141/50, 75/50, 0/29",1,0,1,0,,,,,,FALSE
166,P158.E.WCOA21,158,,E,WCOA21,,,B100_CCE2_EtOH,CCE2,Bongo 100,,,,,,,,,,,,,,,,,,,,,,CCE2,B100-200_CCE2,18-Jul-21,100,7:17,34 19.2256 N,120 49.1253 W,1.7,14.35,14.869,829.99,7:22,34 19.2899 N,120 49.3518 W,2.2,15.91,14.802,810.12,7:29,34 19.3635 N,120 49.6349 W,1.7,15.94,14.751,826.28,0:12,3-4,"MMS, NG, CI, BD",General Oceanics,,,,U-16454,B100-20_CCE2_pressure,101.67,,,,,,Bongo 200 and Bongo 100,B30498,100  µm (outboard),120.5,381761,399019,17258,B30497,200  µm (inboard),121.25,449921,473729,23808,141,30,20,100,0,NA,NA,"75/35, 141/41, 75/44, 0/46",0,1,1,0,,,,,,FALSE
169,P159.E.WCOA21,159,,E,WCOA21,,,B100_SCORP_EtOH,SCORP,Bongo 100,,,,,,,,,,,,,,,,,,,,,,SCORP,B100-200_SCORP,19-Jul-21,60,10:48,34 04.6252 N,119 33.0992 W,1.5,2.28,19.604,80.58,10:52,34 04.6566 N,119 33.2046 W,1.6,4.10,19.603,80.92,10:58,34 04.7050 N,119 33.3659 W,1.3,4.55,19.599,81.47,0:10,0-1,"MMS, NG, CI, BD",General Oceanics,,,,U-16454,B100-200_SCORP_pressure,60.09,,,,,,Bongo 200 and Bongo 100,B30498,100  µm (outboard),120.5,399020,413877,14857,B30497,200  µm (inboard),121.25,473733,492209,18476,85,30,20,60,0:20,NA,NA,"40/40, 85/46, 40/50, 0/40",1,0,1,0,,,,,,FALSE
172,P160.E.WCOA21,160,,E,WCOA21,,,B100_90-28_EtOH,90-28,Bongo 100,,,,,,,,,,,,,,,,,,,,,,90-28,B100-200_90-28,20-Jul-21,100,10:47,33 28.8820 N,117 47.2007 W,0.6,4.01,20.312,402.84,10:53,33 28.8947 N,117 47.3289 W,1.1,3.56,20.614,416.87,11:01,33 28.9013 N,117 47.4959 W,0.9,2.04,20.178,474.56,0:14,0-1,"MMS, NG, CI, BD",General Oceanics,,,,U-16454,B100-200_90-28_pressure,106.71,,,,,,Bongo 200 and Bongo 100,B30498,100  µm (outboard),120.5,413896,436592,22696,B30497,200  µm (inboard),121.25,492338,518235,25897,141,30,20,100,0,NA,NA,"75/48, 141/50, 75/52, 0/51",1,0,1,0,,,,,,FALSE
175,P161.E.WCOA21,161,,E,WCOA21,,,B100_90-35_EtOH,90-35,Bongo 100,,,,,,,,,,,,,,,,,,,,,,90-35,B100-200_90-35,21-Jul-21,100,6:08,33 14.2485 N,118 16.5831 W,1.7,12.73,20.457,1061.89,6:13,33 14.1754 N,118 16.7485 W,1.6,13.91,20.481,1103.87,6:21,33 14.0784 N,118 16.9544 W,1.6,13.63,20.466,1137.29,0:13,0-3,"MMS, NG, CI, ST",General Oceanics,,,,U-16454,B100-200_90-35_pressure,97.78,,,,,"Did not record flow meter readings at start of tow, so using final readings from tow on previous day",Bongo 200 and Bongo 100,B30498,100  µm (outboard),120.5,436592,455695,19103,B30497,200  µm (inboard),121.25,518235,542570,24335,141,30,20,100,0:15,NA,NA,"75/48, 141/47, 75/49, 0/39",1,0,1,0,,,,,,FALSE
178,P162.E.WCOA21,162,,E,WCOA21,,,B100_90-60_EtOH,90-60,Bongo 100,,,,,,,,,,,,,,,,,,,,,,90-60,B100-200_90-60,22-Jul-21,100,8:52,32 25.4063 N,119 58.2119 W,1.5,17.48,17.196,980.92,8:57,32 25.4722 N,119 58.3394 W,1.6,17.19,17.191,1015.88,9:05,32 25.5656 N,119 58.5115 W,1.6,19.74,17.183,1032.12,0:13,4-6,"MMS, NG, CI, BD",General Oceanics,,,,U-16454,B100-200_90-60_pressure,95.79,,,,,"flow meters spinning when net was out of water, before they could be read after recovery",Bongo 200 and Bongo 100,B30498,100  µm (outboard),120.5,455818,478710,22892,B30497,200  µm (inboard),121.25,542607,569090,26483,141,30,20,100,0,NA,NA,"75/43, 141/47, 75/43, 0/50",1,0,1,0,,,,,,FALSE
181,P163.E.WCOA21,163,,E,WCOA21,,,B100_P02-12_EtOH,P02-12,Bongo 100,,,,,,,,,,,,,,,,,,,,,,P02-12,B100-200_P02-12,23-Jul-21,100,8:36,31 46.6888 N,120 15.8398 W,1.6,18.22,17.498,4027.60,8:41,31 46.7668 N,120 15.9599 W,1.5,14.86,17.501,4019.04,8:58,31 46.9882 N,120 16.3860 W,1.6,15.63,17.506,4015.55,0:22,4-6,"MMS, CI, NG, BD",General Oceanics,,,,U-16454,B100-20_P02-12_pressure,109.35,,,,,,Bongo 200 and Bongo 100,B30498,100  µm (outboard),120.5,478474,506829,28355,B30497,200  µm (inboard),121.25,569882,612529,42647,141,30,10,100,0:20,NA,NA,"75/44, 141/42, 75/42, 0/39",1,0,1,0,,,,,,FALSE
184,P164.E.WCOA21,164,,E,WCOA21,,,B200_QC85_EtOH,QC85,Bongo 200,,,,,,,,,,,,,,,,,,,,,,QC85,B100-200_QC85,25-Jun-21,100,10:51,51 28.6964 N,130 49.9102 W,1.3,12.45,DNR,1838.65,10:57,51 28.5668 N,130 49.8517 W,1.4,11.03,DNR,1838.13,11:07,51 28.4276 N,130 49.7460 W,1.4,12.03,DNR,1821.84,0:16,6-8,"MMS, NG, BD",General Oceanics,,,,U-16454,B100-200_QC85_pressure,102.34,,,,,challenging to get wire angle correct; ship speed ~1 knot on ascent; needed time to stabilize wire angle when reaching depth 1,Bongo 200 and Bongo 100,B30498,100  µm (outboard),120.5,87,30429,30342,B30497,200  µm (inboard),121.25,22,30969,30947,141,30,20,100,2:00,NA,NA,"75/49, 141/54, 75/41, 35/37.5, 0/55",1,0,1,0,,,,,,FALSE
187,P165.E.WCOA21,165,,E,WCOA21,,,B200_BS64_EtOH,BS64,Bongo 200,,,,,,,,,,,,,,,,,,,,,,BS64,B100-200_BS64,27-Jun-21,100,11:17,48 11.4530 N,126 35.8388 W,1.1,9.39,15.129,2482.39,11:22,48 11.3294 N,126 35.8712 W,1.2,10.01,15.228,2480.21,11:30,48 11.1790 N,126 35.9100 W,1.4,8.6,15.192,2477.05,0:13,2-4,"MMS, NG, BD",General Oceanics,,,,U-16454,B100-200_BS64_pressure,103.16,,,,,lot of biomass (seems to be clogging on recovery; draining slow),Bongo 200 and Bongo 100,B30498,100  µm (outboard),120.5,30715,50424,19709,B30497,200  µm (inboard),121.25,31187,54729,23542,141,30,20,100,0,NA,NA,"75/48, 141/46, 75/50, 35/49, 0/45",3,0,3,0,,,,,,FALSE
190,P166.E.WCOA21,166,,E,WCOA21,,,B200_BS6_EtOH,BS6,Bongo 200,,,,,,,,,,,,,,,,,,,,,,BS6,B100-200_BS6,28-Jun-21,70,8:59,48 48.3249 N,125 29.5464 W,1.7,8.98,14.196,101.75,9:04,48 48.3690 N,125 29.7646 W,2.3,8.5,14.345,102.74,9:10,48 48.4247 N,125 30.0166W,1.5,8.46,15.21,102.95,0:11,0-2,"MMS, NG, BD",General Oceanics,,,,U-16454,B100-200_BS6_pressure,67.81,,,,,,Bongo 200 and Bongo 100,B30498,100  µm (outboard),120.5,50568,56143,5575,B30497,200  µm (inboard),121.25,54784,71100,16316,100,30,20,70,0,NA,NA,"35/29, 75/40, 100/50, 75/56, 35/44, 0/15",2,0,2,0,,,,,,FALSE
193,P167.E.WCOA21,167,,E,WCOA21,,,B200_ChaBa_EtOH,ChaBa,Bongo 200,,,,,,,,,,,,,,,,,,,,,,ChaBa,B100-200_ChaBa,29-Jun-21,70,8:30,47 57.6601 N,124 54.8863 W,1.6,15.11,15.36,82.76,8:34,47 57.5573 N,124 54.7843 W,1.9,14.27,15.329,82.65,8:47,47 57.2805 N,124 54.4792 W,1.7,15.5,14.438,80.43,0:17,4-6,"MMS, NG, BD",General Oceanics,,,,U-16454,B100-200_ChaBa_pressure,70.41,,,,,surface current; high wire angle at end of tow,Bongo 200 and Bongo 100,B30498,100  µm (outboard),120.5,56173,85888,29715,B30497,200  µm (inboard),121.25,71101,103649,32548,105,20,10,70,0,NA,NA,"50/30, 105/46, 50/37, 0/55",1,0,1,0,,,,,,FALSE
196,P168.E.WCOA21,168,,E,WCOA21,,,B200_CR40_EtOH,CR40,Bongo 200,,,,,,,,,,,,,,,,,,,,,,CR40,B100-200_CR40,30-Jun-21,100,9:13,46 08.0103 N,124 54.9276 W,1.3,11.72,16.111,1261.07,9:19,46 07.9090 N,124 54.8213 W,1.5,15.43,16.075,1284.08,9:24,46 07.8020 N,124 54.7218 W,1.3,14.71,16.098,1301.7,0:11,4-6,"MMS, NG, BD",General Oceanics,,,,U-16454,B100-200_CR40_pressure,116.54,,,,,,Bongo 200 and Bongo 100,B30498,100  µm (outboard),120.5,85903,101324,15421,B30497,200  µm (inboard),121.25,103638,125174,21536,141,30,30,100,0,NA,NA,"111/39, 141/40, 75/46, 0/51",0,1,0,1,,,,,,FALSE
199,P169.E.WCOA21,169,,E,WCOA21,,,B200_CR24_EtOH,CR24,Bongo 200,,,,,,,,,,,,,,,,,,,,,,CR24,B100-200_CR24,1-Jul-21,100,8:47,46 08.0001 N,124 32.3428 W,1.2,6.31,16.989,136.95,8:53,46 08.0692 N,124 32.4064 W,0.9,5.5,16.997,139.21,9:01,46 08.1995 N,124 32.5339 W,0.8,4.76,17.04,139.1,0:14,6-8,"MMS, NG, BD",General Oceanics,,,,U-16454,B100-200_CR24_pressure,128.91,,,,,,Bongo 200 and Bongo 100,B30498,100  µm (outboard),120.5,101404,125103,23699,B30497,200  µm (inboard),121.25,125239,148610,23371,141,30,20,100,01:05.2,NA,NA,"75/48, 141/38, 75/46, 0/51",1,0,1,0,,,,,,FALSE
202,P170.E.WCOA21,170,,E,WCOA21,,,B200_C41_EtOH,C41,Bongo 200,,,,,,,,,,,,,,,,,,,,,,C41,B100-200_C41,2-Jul-21,100,9:21,47 06.1049 N,125 11.6295 W,1.7,13.88,15.545,1563.06,9:27,47 05.9320 N,125 11.6465 W,1.8,9,15.552,1535.52,9:34,47 05.7227 N,125 11.6985 W,1.7,12.95,15.446,1494.87,0:13,4-6,"MMS, NG, BD",General Oceanics,,,,U-16454,B100-200_C41_pressure,104.07,,,,,,Bongo 200 and Bongo 100,B30498,100  µm (outboard),120.5,125112,149635,24523,B30497,200  µm (inboard),121.25,149054,173823,24769,141,30,20,100,0,NA,NA,"75/46, 141/49, 75/50, 0/25",0,1,0,1,,,,,,FALSE
205,P171.E.WCOA21,171,,E,WCOA21,,,B200_NH10_EtOH,NH10,Bongo 200,,,,,,,,,,,,,,,,,,,,,,NH10,B100-200_NH10,4-Jul-21,surface,8:30,44 39.2533 N,124 18.2980 W,1,15.41,13.586,76.64,NA,NA,NA,NA,NA,NA,NA,8:51,44 39.4348 N,124 18.8143 W,1.1,13.81,13.578,75.73,0:21,6-8,"MMS, NG, BD",General Oceanics,,,,U-16454,B100-200_NH10_pressure,3.87,,,,,deploying bongo like neuston -- because shallow and lot of algae,Bongo 200 and Bongo 100,B30498,100  µm (outboard),120.5,149639,159007,9368,B30497,200  µm (inboard),121.25,173847,191241,17394,NA,NA,NA,surface,20:00,NA,NA,NA,0,1,0,1,,,,,,FALSE
208,P172.E.WCOA21,172,,E,WCOA21,,,B200_HH20_EtOH,HH20,Bongo 200,,,,,,,,,,,,,,,,,,,,,,HH20,B100-200_HH20,5-Jul-21,100,9:24,43 59.7262 N,124 36.7654 W,1.2,19.46,14.205,147.98,9:29,43 59.8414 N,124 36.9323 W,1.7,17.5,14.2,143.36,9:37,44 00.0381 N,124 37.0417 W,1.8,16.06,14.217,144.39,0:13,4-6,"MMS, NG, BD",General Oceanics,,,,U-16454,B100-200_HH20_pressure,105.2,,,,,,Bongo 200 and Bongo 100,B30498,100  µm (outboard),120.5,159177,184111,24934,B30497,200  µm (inboard),121.25,191458,217177,25719,141,30,20,100,0,NA,NA,"75/40, 141/46, 75/50, 0/51",0,1,0,1,,,,,,FALSE
211,P173.E.WCOA21,173,,E,WCOA21,,,B200_B66_EtOH,B66,Bongo 200,,,,,,,,,,,,,,,,,,,,,,B66,B100-200_B66,6-Jul-21,100,9:39,41 44.3734 N,125 40.8233 W,1.7,21.23,15.476,2889.79,9:44,41 44.4911 N,125 40.9157 W,1.6,22.56,15.479,2870.92,9:59,41 44.7542 N,125 41.1072 W,1.1,19.42,15.482,2858.28,0:20,8-10,"MMS, NG, BD",General Oceanics,,,,U-16454,B100-200_B66_pressure,80.74,,,,,slow recovery speed because other nets had so little biomass,Bongo 200 and Bongo 100,B30498,100  µm (outboard),120.5,184090,223399,39309,B30497,200  µm (inboard),121.25,217168,263140,45972,141,30,10,100,1:16,NA,NA,"85/52, 141/56, 75/48, 0/50",1,0,1,0,,,,,,FALSE
214,P174.E.WCOA21,174,,E,WCOA21,,,B200_PA3_EtOH,PA3,Bongo 200,,,,,,,,,,,,,,,,,,,,,,PA3,B100-200_PA3,10-Jul-21,75,8:07,38 54.1118 N,123 47.7328 W,1.8,22.96,10.818,94.40,8:11,38 54.1913 N,123 47.8076 W,1.3,22.14,10.833,95.38,8:15,38 54.2729 N,123 47.8769 W,0.8,21.55,10.826,96.18,0:08,8-10,"MMS, NG, CI, BD",General Oceanics,,,,U-16454,B100-200_PA3_pressure,87.61,,,,,surface current; high wire angle near surface,Bongo 200 and Bongo 100,B30498,100  µm (outboard),120.5,223449,232365,8916,B30497,200  µm (inboard),121.25,263108,283247,20139,106,30,30,75,0,NA,NA,"75/47, 106/46, 75/53, 0/49",0,1,1,0,,,,,,FALSE
217,P175.E.WCOA21,175,,E,WCOA21,,,B200_PR15_EtOH,PR15,Bongo 200,,,,,,,,,,,,,,,,,,,,,,PR15,B100-200_PR15,11-Jul-21,70,9:35,37 52.2896 N,123 04.9353 W,1.1,19.30,11.532,84.72,9:39,37 52.3484 N,123 05.0428 W,1.5,21.27,11.649,84.23,9:44,37 52.4016 N,123 05.1498 W,1.1,21.21,11.655,85.00,0:09,6-8,"MMS, NG, CI, BD",General Oceanics,,,,U-16454,B100-200_PR15_pressure,67.49,,,,,bongo nets ripped during a storm; first tow with new replacement nets; flow meters also refilled,Bongo 200 and Bongo 100,B30498,100  µm (outboard),120.5,232676,247222,14546,B30497,200  µm (inboard),121.25,283151,301692,18541,99,30,20,70,0:15,NA,NA,"75/50, 99/51, 75/49, 0/46",1,0,1,0,,,,,,FALSE
220,P176.E.WCOA21,176,,E,WCOA21,,,B200_GGTX1_EtOH,GGTX1,Bongo 200,,,,,,,,,,,,,,,,,,,,,,GGTX1,B100-200_GGTX1,13-Jul-21,90,6:54,37 38.8438 N,123 02.1008 W,1.3,14.97,11.988,113.08,6:59,37 38.8987 N,123 02.2556 W,1.7,15.85,11.982,112.32,7:07,37 38.9749 N,123 02.4781 W,1.8,15.80,11.992,113.64,0:13,4-6,"MMS, NG, CI, ST",General Oceanics,,,,U-16454,B100-200_GGTX1_pressure,94.61,,,,,,Bongo 200 and Bongo 100,B30498,100  µm (outboard),120.5,247258,270920,23662,B30497,200  µm (inboard),121.25,301747,326185,24438,127,30,20,90,0,NA,NA,"75/39, 127/44, 75/44, 0/44",1,0,1,0,,,,,,FALSE
223,P177.E.WCOA21,177,,E,WCOA21,,,B200_ML60_EtOH,ML60,Bongo 200,,,,,,,,,,,,,,,,,,,,,,ML60,B100-200_ML60,14-Jul-21,100,9:08,36 27.4279 N,122 46.3705 W,1.6,15.08,14.760,2720.93,9:14,36 27.5248 N,122 46.5385 W,2.1,10.14,14.758,2951.85,9:21,36 27.6581 N,122 46.7738 W,1.9,10.17,14.757,2959.27,0:13,6-8,"MMS, NG, CI, BD",General Oceanics,,,,U-16454,B100-200_ML60_pressure,101.14,,,,,seems to be a strong current <10 m; bad wire angles on recovery,Bongo 200 and Bongo 100,B30498,100  µm (outboard),120.5,271164,291370,20206,B30497,200  µm (inboard),121.25,326411,348467,22056,141,30,20,100,0,NA,NA,"75/32, 141/48, 75/51, 0/30",1,0,1,0,,,,,,FALSE
226,P178.E.WCOA21,178,,E,WCOA21,,,B200_ML11_EtOH,ML11,Bongo 200,,,,,,,,,,,,,,,,,,,,,,ML11,B100-200_ML11,15-Jul-21,100,8:04,36 44.1209 N,121 58.3280 W,1.7,2.96,13.540,134.46,8:10,36 43.9966 N,121 58.4374 W,1.7,5.04,13.604,150.36,8:24,36 43.6461 N,121 58.7510 W,1.7,7.29,13.833,337.25,0:20,2-4,"MMS, NG, CI, BD",General Oceanics,,,,U-16454,B100-200_ML11_pressure,106.7,,,,,,Bongo 200 and Bongo 100,B30498,100  µm (outboard),120.5,291404,328014,36610,B30497,200  µm (inboard),121.25,348475,387837,39362,141,30,10,100,0,NA,NA,"75/40, 141/49, 75/49, 0/39",0,1,1,0,,,,,,FALSE
229,P179.E.WCOA21,179,,E,WCOA21,,,B200_73.3-70_EtOH,73.3-70,Bongo 200,,,,,,,,,,,,,,,,,,,,,,73.3-70,B100-200_73.3-70,16-Jul-21,100,11:10,34 59.2289 N,122 40.8673 W,0.6,19.79,15.018,4053.57,11:16,34 59.3513 N,122 40.9980 W,1.8,18.23,15.004,4301.46,11:23,34 59.4684 N,122 41.1425 W,1.9,18.27,15.007,4053.42,0:13,4-6,"MMS, NG, CI, BD",General Oceanics,,,,U-16454,B100-200_73.3-70_pressure,95.41,,,,,small tear on seam of 200 um net (near opening) ,Bongo 200 and Bongo 100,B30498,100  µm (outboard),120.5,328010,344545,16535,B30497,200  µm (inboard),121.25,387847,408622,20775,141,30,20,100,0,NA,NA,"75/49, 141/50, 75/49, 0/44",0,2,0,2,,,,,,FALSE
232,P180.E.WCOA21,180,,E,WCOA21,,,B200_CCE1_EtOH,CCE1,Bongo 200,,,,,,,,,,,,,,,,,,,,,,CCE1,B100-200_CCE1,17-Jul-21,100,8:42,33 29.7137 N,122 33.2865 W,1.1,20.71,16.743,3976.67,8:47,33 29.8274 N,122 33.3737 W,1.9,20.06,16.742,3978.87,9:04,33 30.1801 N,122 33.6534 W,1.3,22.46,16.722,3982.72,0:22,4-6,"MMS, NG, CI, BD",General Oceanics,,,,U-16454,B100-200_CCE1_pressure,99.51,,,,,,Bongo 200 and Bongo 100,B30498,100  µm (outboard),120.5,344936,380928,35992,B30497,200  µm (inboard),121.25,409374,449552,40178,141,30,10,100,0:45,NA,NA,"75/42, 141/50, 75/50, 0/29",1,0,1,0,,,,,,FALSE
235,P181.E.WCOA21,181,,E,WCOA21,,,B200_CCE2_EtOH,CCE2,Bongo 200,,,,,,,,,,,,,,,,,,,,,,CCE2,B100-200_CCE2,18-Jul-21,100,7:17,34 19.2256 N,120 49.1253 W,1.7,14.35,14.869,829.99,7:22,34 19.2899 N,120 49.3518 W,2.2,15.91,14.802,810.12,7:29,34 19.3635 N,120 49.6349 W,1.7,15.94,14.751,826.28,0:12,3-4,"MMS, NG, CI, BD",General Oceanics,,,,U-16454,B100-20_CCE2_pressure,101.67,,,,,,Bongo 200 and Bongo 100,B30498,100  µm (outboard),120.5,381761,399019,17258,B30497,200  µm (inboard),121.25,449921,473729,23808,141,30,20,100,0,NA,NA,"75/35, 141/41, 75/44, 0/46",0,1,1,0,,,,,,FALSE
238,P182.E.WCOA21,182,,E,WCOA21,,,B200_SCORP_EtOH,SCORP,Bongo 200,,,,,,,,,,,,,,,,,,,,,,SCORP,B100-200_SCORP,19-Jul-21,60,10:48,34 04.6252 N,119 33.0992 W,1.5,2.28,19.604,80.58,10:52,34 04.6566 N,119 33.2046 W,1.6,4.10,19.603,80.92,10:58,34 04.7050 N,119 33.3659 W,1.3,4.55,19.599,81.47,0:10,0-1,"MMS, NG, CI, BD",General Oceanics,,,,U-16454,B100-200_SCORP_pressure,60.09,,,,,,Bongo 200 and Bongo 100,B30498,100  µm (outboard),120.5,399020,413877,14857,B30497,200  µm (inboard),121.25,473733,492209,18476,85,30,20,60,0:20,NA,NA,"40/40, 85/46, 40/50, 0/40",1,0,1,0,,,,,,FALSE
241,P183.E.WCOA21,183,,E,WCOA21,,,B200_90-28_EtOH,90-28,Bongo 200,,,,,,,,,,,,,,,,,,,,,,90-28,B100-200_90-28,20-Jul-21,100,10:47,33 28.8820 N,117 47.2007 W,0.6,4.01,20.312,402.84,10:53,33 28.8947 N,117 47.3289 W,1.1,3.56,20.614,416.87,11:01,33 28.9013 N,117 47.4959 W,0.9,2.04,20.178,474.56,0:14,0-1,"MMS, NG, CI, BD",General Oceanics,,,,U-16454,B100-200_90-28_pressure,106.71,,,,,,Bongo 200 and Bongo 100,B30498,100  µm (outboard),120.5,413896,436592,22696,B30497,200  µm (inboard),121.25,492338,518235,25897,141,30,20,100,0,NA,NA,"75/48, 141/50, 75/52, 0/51",1,0,1,0,,,,,,FALSE
244,P184.E.WCOA21,184,,E,WCOA21,,,B200_90-35_EtOH,90-35,Bongo 200,,,,,,,,,,,,,,,,,,,,,,90-35,B100-200_90-35,21-Jul-21,100,6:08,33 14.2485 N,118 16.5831 W,1.7,12.73,20.457,1061.89,6:13,33 14.1754 N,118 16.7485 W,1.6,13.91,20.481,1103.87,6:21,33 14.0784 N,118 16.9544 W,1.6,13.63,20.466,1137.29,0:13,0-3,"MMS, NG, CI, ST",General Oceanics,,,,U-16454,B100-200_90-35_pressure,97.78,,,,,"Did not record flow meter readings at start of tow, so using final readings from tow on previous day",Bongo 200 and Bongo 100,B30498,100  µm (outboard),120.5,436592,455695,19103,B30497,200  µm (inboard),121.25,518235,542570,24335,141,30,20,100,0:15,NA,NA,"75/48, 141/47, 75/49, 0/39",1,0,1,0,,,,,,FALSE
247,P185.E.WCOA21,185,,E,WCOA21,,,B200_90-60_EtOH,90-60,Bongo 200,,,,,,,,,,,,,,,,,,,,,,90-60,B100-200_90-60,22-Jul-21,100,8:52,32 25.4063 N,119 58.2119 W,1.5,17.48,17.196,980.92,8:57,32 25.4722 N,119 58.3394 W,1.6,17.19,17.191,1015.88,9:05,32 25.5656 N,119 58.5115 W,1.6,19.74,17.183,1032.12,0:13,4-6,"MMS, NG, CI, BD",General Oceanics,,,,U-16454,B100-200_90-60_pressure,95.79,,,,,"flow meters spinning when net was out of water, before they could be read after recovery",Bongo 200 and Bongo 100,B30498,100  µm (outboard),120.5,455818,478710,22892,B30497,200  µm (inboard),121.25,542607,569090,26483,141,30,20,100,0,NA,NA,"75/43, 141/47, 75/43, 0/50",1,0,1,0,,,,,,FALSE
250,P186.E.WCOA21,186,,E,WCOA21,,,B200_P02-12_EtOH,P02-12,Bongo 200,,,,,,,,,,,,,,,,,,,,,,P02-12,B100-200_P02-12,23-Jul-21,100,8:36,31 46.6888 N,120 15.8398 W,1.6,18.22,17.498,4027.60,8:41,31 46.7668 N,120 15.9599 W,1.5,14.86,17.501,4019.04,8:58,31 46.9882 N,120 16.3860 W,1.6,15.63,17.506,4015.55,0:22,4-6,"MMS, CI, NG, BD",General Oceanics,,,,U-16454,B100-20_P02-12_pressure,109.35,,,,,,Bongo 200 and Bongo 100,B30498,100  µm (outboard),120.5,478474,506829,28355,B30497,200  µm (inboard),121.25,569882,612529,42647,141,30,10,100,0:20,NA,NA,"75/44, 141/42, 75/42, 0/39",1,0,1,0,,,,,,FALSE
254,P187.E.WCOA21,187,,E,WCOA21,,,B335_QC85_EtOH,QC85,Bongo 335,,,,,,,,,,,,,,,,,,,,,,QC85,B335_QC85,25-Jun-21,100,9:58,51 27.6830 N,130 50.8994 W ,1.8,13.06,DNR,1492.45,10:04,51 27.8444 N ,130 50.8666 W,1.3,13.23,DNR,1554.44,10:28,51 28.5319 N,130 50.3950 W,2.1,12.79,DNR,1716.41,0:30,6-8,"MMS, NG, BD",General Oceanics,,,,U-16462,B335_QC85_pressure,125.54,,,,,*oscillating but finally stabilized within target range; needed more time at depth 1 to stablize wire angle; ship speed around 2 kts on ascent,Bongo 335,B30496,335  µm  - 1 (outboard),120.75,55,53657,53602,B3094,335  µm - 2 (inboard),121.25,10,54495,54485,141,30,10,100,,25,2:00,"75/35,141/31-55*, 35/45, 0,49",,,,,6:30,0,1,1,0,FALSE
257,P188.E.WCOA21,188,,E,WCOA21,,,B335_QC43_EtOH,QC43,Bongo 335,,,,,,,,,,,,,,,,,,,,,,QC43,B335_QC43,26-Jun-21,100,9:00,51 28.4276 N,130 49.7460 W,1.4,12.03,DNR,1821.84,9:07,52 01.6198 N,129 59.0298 W,1.7,21.24,DNR,127.71,9:14,52 01.7624 N,129 59.1951 W,1.6,23.31,DNR,126.85,0:14,4-6,"MMS, NG, BD",General Oceanics,,,,U-16462,B335_QC43_pressure,111.59,,,,,,Bongo 335,B30496,335  µm  - 1 (outboard),120.75,53669,81909,28240,B3094,335  µm - 2 (inboard),121.25,135079,163040,27961,141,30,20,100,,NA,NA,"75/40, 141/45, 75/40, 35/40, 0/50",,,,,0,2,0,1,0,FALSE
260,P189.E.WCOA21,189,,E,WCOA21,,,B335_BS64_EtOH,BS64,Bongo 335,,,,,,,,,,,,,,,,,,,,,,BS64,B335_BS64,27-Jun-21,100,10:13,48 10.0049 N,126 36.3643 W,1.1,9.58,15.217,2493.8,10:19,48 09.8984 N,126 36.3634 W,1.1,9.05,15.164,2494.82,10:36,48 09.6059 N,126 36.3479 W,1,8.32,15.052,2500.61,0:23,2-4,"MMS, NG, BD",General Oceanics,,,,U-16462,B335_BS64_pressure,114.54,,,,,,Bongo 335,B30496,335  µm  - 1 (outboard),120.75,81967,120507,38540,B3094,335  µm - 2 (inboard),121.25,163486,202614,39128,141,30,10,100,,NA,NA,"75/43, 141/44, 75/42, 35/49, 0/45",,,,,2:16,1,0,1,0,FALSE
263,P190.E.WCOA21,190,,E,WCOA21,,,B335_BS6_EtOH,BS6,Bongo 335,,,,,,,,,,,,,,,,,,,,,,BS6,B335_BS6,28-Jun-21,70,8:33,48 48.5288 N,125 29.7293 W,1.3,6.37,13.486,102.01,8:38,48 48.4631 N,125 29.5805 W,1.4,6.36,12.942,101.15,8:44,48 48.3754 N,125 29.4752 W,1.1,6.98,16.076,103.67,0:11,0-2,"MMS, NG, BD",General Oceanics,,,,U-16462,B335_BS6_pressure,63.9,,,,,*came up to 54° and then stabilized back in range during pause at botom depth,Bongo 335,B30496,335  µm  - 1 (outboard),120.75,120526,139465,18939,B3094,335  µm - 2 (inboard),121.25,202701,222494,19793,100,30,20,70,,NA,NA,"35/49, 100/50*, 75/49.5, 35/44, 0/38",,,,,1:15,1,0,1,0,FALSE
266,P191.E.WCOA21,191,,E,WCOA21,,,B335_ChaBa_EtOH,ChaBa,Bongo 335,,,,,,,,,,,,,,,,,,,,,,ChaBa,B335_ChaBa,29-Jun-21,70,8:04,47 58.1960 N,124 55.2574 W,1.9,15.21,12.203,87.29,8:08,47 58.0860 N,124 55.1556 W,1.5,15.87,14.787,84.26,8:20,47 57.7986 N,124 54.9739 W,0.9,15.29,14.785,83.67,0:16,4-6,"MMS, NG, BD",General Oceanics,,,,U-16462,BS335_ChaBa_pressure,76.13,,,,,,Bongo 335,B30496,335  µm  - 1 (outboard),120.75,139508,172185,32677,B3094,335  µm - 2 (inboard),121.25,222502,255899,33397,105,20,10,70,,NA,NA,"50/41, 105/44, 50/37, 0/55",,,,,0,1,0,1,0,FALSE
269,P192.E.WCOA21,192,,E,WCOA21,,,B335_CR40_EtOH,CR40,Bongo 335,,,,,,,,,,,,,,,,,,,,,,CR40,B335_CR40,30-Jun-21,100,8:32,46 07.0757 N,124 53.9207 W,1.7,15.89,16.206,1320.09,8:38,46 06.9594 N,124 53.8315 W,1.3,16.68,16.243,1320.2,8:45,46 06.8168 N,124 53.7123 W,1.5,14.99,16.245,1300.59,0:13,4-6,"MMS, NG, BD",General Oceanics,,,,U-16462,B335_CR40_pressure,105.9,,,,,,Bongo 335,B30496,335  µm  - 1 (outboard),120.75,172189,195106,22917,B3094,335  µm - 2 (inboard),121.25,255874,279351,23477,141,30,20,100,,NA,NA,"75/39, 141/44, 75/47, 0/50",,,,,0,1,1,1,1,FALSE
272,P193.E.WCOA21,193,,E,WCOA21,,,B335_CR24_EtOH,CR24,Bongo 335,,,,,,,,,,,,,,,,,,,,,,CR24,B335_CR24,1-Jul-21,100,8:25,46 07.7820 N,124 32.1268 W,1.1,8.29,16.93,137.01,8:30,46 07.8463 N,124 32.1790 W,1.6,8.17,16.956,136.83,8:39,46 07.9724 N,124 32.2713 W,0.6,6.04,16.984,138.15,0:14,6-8,"MMS, NG, BD",General Oceanics,,,,U-16462,B335_CR24_pressure,120.82,,,,,some wire angle challenges on the ascent ,Bongo 335,B30496,335  µm  - 1 (outboard),120.75,195105,215356,20251,B3094,335  µm - 2 (inboard),121.25,279384,301843,22459,141,30,20,100,,NA,NA,"75/38, 141/50, 75/24, 0/51",,,,,1:00,1,0,1,0,FALSE
275,P194.E.WCOA21,194,,E,WCOA21,,,B335_C41_EtOH,C41,Bongo 335,,,,,,,,,,,,,,,,,,,,,,C41,B335_C41,2-Jul-21,100,9:02,47 06.5887 N,125 11.7393 W,1.5,9.06,15.639,1619.58,9:07,47 06.4678 N,125 11.6311 W,1.6,7.62,15.613,1597.38,9:14,47 06.2786 N,125 11.6059 W,1.8,8.5,15.584,1572.36,0:12,4-6,"MMS, NG, BD",General Oceanics,,,,U-16462,B335_C41_pressure,108.25,,,,,,Bongo 335,B30496,335  µm  - 1 (outboard),120.75,215368,238450,23082,B3094,335  µm - 2 (inboard),121.25,301864,325875,24011,141,30,20,100,,NA,NA,"75/46, 141/49, 75/48, 0/41",,,,,0,1,0,1,0,FALSE
278,P195.E.WCOA21,195,,E,WCOA21,,,B335_NH10_EtOH,NH10,Bongo 335,,,,,,,,,,,,,,,,,,,,,,NH10,B335_NH10,4-Jul-21,surface,8:01,44 39.0699 N,124 17.7500 W,1,13.28,13.61,75.31,NA,NA,NA,NA,NA,NA,NA,8:21,44 39.2683 N,124 18.1437 W,0.9,13.54,13.582,75.78,0:20,6-8,"MMS, NG, BD",General Oceanics,,,,U-16462,B335_NH10_pressure,2.89,,,,,deploying bongo like neuston -- because shallow and lot of algae,Bongo 335,B30496,335  µm  - 1 (outboard),120.75,238474,262558,24084,B3094,335  µm - 2 (inboard),121.25,325907,353372,27465,NA,NA,NA,surface,,NA,NA,NA,,,,,20:00,1,0,1,0,FALSE
281,P196.E.WCOA21,196,,E,WCOA21,,,B335_HH20_EtOH,HH20,Bongo 335,,,,,,,,,,,,,,,,,,,,,,HH20,B335_HH20,5-Jul-21,100,8:56,44 00.4614 N,124 36.5830 W,2.3,11.85,14.25,147.85,9:02,44 00.2597 N,124 36.6559 W,1.9,6.41,14.236,143.88,9:10,44 00.0190 N,124 36.7654 W,1.8,10.73,14.211,144.99,0:14,4-6,"MMS, NG, BD",General Oceanics,,,,U-16462,B335_HH20_pressure,84.39,,,,,ship could not slow down to address wire angle,Bongo 335,B30496,335  µm  - 1 (outboard),120.75,262565,293656,31091,B3094,335  µm - 2 (inboard),121.25,353426,385336,31910,141,30,20,100,,NA,NA,"75/50, 141/54, 75/60, 0/35",,,,,1:00,,1,0,1,FALSE
284,P197.E.WCOA21,197,,E,WCOA21,,,B335_B66_EtOH,B66,Bongo 335,,,,,,,,,,,,,,,,,,,,,,B66,B335_B66,6-Jul-21,100,9:13,41 43.9061 N,125 40.5005 W,1.3,20.52,15.463,2874.09,9:19,41 44.0290 N,125 40.5793 W,1.3,18.17,15.469,2885.77,9:34,41 44.2892 N,125 40.7589 W,1.1,23.39,15.476,2890.64,0:21,8-10,"MMS, NG, BD",General Oceanics,,,,U-16462,B335_B66_pressure,91.2,,,,,slow recovery speed because other nets had so little biomass,Bongo 335,B30496,335  µm  - 1 (outboard),120.75,293747,337647,43900,B3094,335  µm - 2 (inboard),121.25,385490,429869,44379,141,30,10,100,,NA,NA,"75/53, 141/53, 75/49, 0/42",,,,,0:30,1,0,1,0,FALSE
287,P198.E.WCOA21,198,,E,WCOA21,,,B335_PA3_EtOH,PA3,Bongo 335,,,,,,,,,,,,,,,,,,,,,,PA3,B335_PA3,10-Jul-21,75,7:45,38 53.7982 N,123 47.4305 W,1.4,22.55,10.746,93.51,7:50,38 53.8850 N,123 47.5162 W,1.0,17.07,10.767,93.19,8:01,38 54.0312 N,123 47.6620 W,1.0,20.94,10.781,94.91,0:16,8-10,"MMS, NG, CI, BD",General Oceanics,,,,U-16462,B335_PA3_pressure,78.17,,,,,,Bongo 335,B30496,335  µm  - 1 (outboard),120.75,336113,365802,29689,B3094,335  µm - 2 (inboard),121.25,547292,576838,29546,106,30,10,75,,NA,NA,"75/56, 106/50, 75/43, 0/51",,,,,0:15,1,0,1,0,FALSE
290,P199.E.WCOA21,199,,E,WCOA21,,,B335_PR15_EtOH,PR15,Bongo 335,,,,,,,,,,,,,,,,,,,,,,PR15,B335_PR15,11-Jul-21,70,9:20,37 52.1121 N,123 04.5959 W,1.7,19.73,11.561,84.82,9:24,37 52.1609 N,123 04.6866 W,1.2,19.37,11.552,86.06,9:29,37 52.2281 N,123 04.8142 W,1.2,16.58,11.519,85.20,0:09,6-8,"MMS, NG, CI, BD",General Oceanics,,,,U-16462,B335_PR15_pressure,66.35,,,,,bongo nets ripped during a storm; first tow with new replacement nets; flow meters also refilled; bad wire angle on recovey,Bongo 335,B30496,335  µm  - 1 (outboard),120.75,366175,386660,20485,B3094,335  µm - 2 (inboard),121.25,576934,597517,20583,99,30,20,70,,NA,NA,"75/49, 99/50, 75/51, 0/44",,,,,0:10,1,0,1,0,FALSE
293,P200.E.WCOA21,200,,E,WCOA21,,,B335_GGTX1_EtOH,GGTX1,Bongo 335,,,,,,,,,,,,,,,,,,,,,,GGTX1,B335_GGTX1,13-Jul-21,90,6:31,37 38.6721 N,123 01.3423 W,1.8,15.28,11.836,108.31,6:36,37 38.6494 N,123 01.5259 W,1.9,16.06,11.859,110.69,6:49,37 38.7939 N,123 01.9576 W,1.7,15.86,11.999,112.40,0:18,4-6,"MMS, NG, CI, ST",General Oceanics,,,,U-16462,B335_GGTX1_pressure,91.46,,,,,,Bongo 335,B30496,335  µm  - 1 (outboard),120.75,386684,424081,37397,B3094,335  µm - 2 (inboard),121.25,597652,636344,38692,127,30,10,90,,NA,NA,"75/35, 127/40, 75/54, 0/49",,,,,0,1,0,1,0,FALSE
296,P201.E.WCOA21,201,,E,WCOA21,,,B335_ML60_EtOH,ML60,Bongo 335,,,,,,,,,,,,,,,,,,,,,,ML60,B335_ML60,14-Jul-21,100,8:50,36 27.1003 N,122 45.7857 W,1.6,12.59,14.751,2905.23,8:55,36 27.1956 N,122 45.9573 W,2.4,11.03,14.754,2913.26,9:03,36 27.3463 N,122 46.2223 W,1.8,13.72,14.761,3318.08,0:13,6-8,"MMS, NG, CI, BD",General Oceanics,,,,U-16462,B335_ML60_pressure,101.99,,,,,,Bongo 335,B30496,335  µm  - 1 (outboard),120.75,424255,447878,23623,B3094,335  µm - 2 (inboard),121.25,636426,660453,24027,141,30,20,100,,NA,NA,"75/35, 141/50, 75/51, 0/35",,,,,0,1,0,1,0,FALSE
299,P202.E.WCOA21,202,,E,WCOA21,,,B335_ML11_EtOH,ML11,Bongo 335,,,,,,,,,,,,,,,,,,,,,,ML11,B335_ML11,15-Jul-21,100,7:45,36 44.5743 N,121 57.9381 W,1.6,5.48,13.497,124.98,7:51,36 44.4403 N,121 58.0432 W,1.9,3.80,13.504,132.24,7:58,36 44.2662 N,121 58.2040 W,1.9,3.98,13.511,152.83,0:13,2-4,"MMS, NG, CI, BD",General Oceanics,,,,U-16462,B335_ML11_pressure,105.49,,,,,,Bongo 335,B30496,335  µm  - 1 (outboard),120.75,448139,473642,25503,B3094,335  µm - 2 (inboard),121.25,660728,686348,25620,141,30,20,100,,NA,NA,"75/40, 141/49, 75/49, 0/39",,,,,0,1,0,1,0,FALSE
302,P203.E.WCOA21,203,,E,WCOA21,,,B335_73.3-70_EtOH,73.3-70,Bongo 335,,,,,,,,,,,,,,,,,,,,,,73.3-70,B335_73.3-70,16-Jul-21,100,10:42,34 58.8527 N,122 40.3427 W,1.6,16.24,15.054,4056.98,10:48,34 58.9859 N,122 40.4823 W,1.5,20.36,15.040,4054.09,11:03,34 59.2826 N,122 40.8085 W,1.3,19.01,15.013,4052.57,0:21,4-6,"MMS, CI, BD",General Oceanics,,,,U-16462,B335_73.3-70_pressure,97.72,,,,,,Bongo 335,B30496,335  µm  - 1 (outboard),120.75,473812,515234,41422,B3094,335  µm - 2 (inboard),121.25,686751,729211,42460,141,30,10,100,,NA,NA,"75/39, 141/44, 75/49, 0/41",,,,,0,1,0,1,0,FALSE
305,P204.E.WCOA21,204,,E,WCOA21,,,B335_CCE1_EtOH,CCE1,Bongo 335,,,,,,,,,,,,,,,,,,,,,,CCE1,B335_CCE1,17-Jul-21,100,8:17,33 29.1821 N,122 32.8070 W,1.8,19.08,16.753,3976.52,8:22,33 29.2896 N,122 32.9073 W,1.5,20.30,16.760,3982.17,8:36,33 29.5984 N,122 33.1725 W,1.4,18.81,16.753,3969.21,0:19,4-6,"MMS, NG, CI, BD",General Oceanics,,,,U-16462,B335_CCE1_pressure,107,,,,,,Bongo 335,B30496,335  µm  - 1 (outboard),120.75,515705,556982,41277,B3094,335  µm - 2 (inboard),121.25,729652,770546,40894,141,30,10,100,,NA,NA,"75/44, 141/42, 75/49, 0/40",,,,,0,1,0,1,0,FALSE
308,P205.E.WCOA21,205,,E,WCOA21,,,B335_CCE2_EtOH,CCE2,Bongo 335,,,,,,,,,,,,,,,,,,,,,,CCE2,B335_CCE2,18-Jul-21,100,6:58,34 19.1002 N,120 48.4384 W,1.4,15.97,14.883,805.42,7:04,34 19.1584 N,120 48.6577 W,2.5,16.29,14.878,810.72,7:11,34 19.2483 N,120 48.9785 W,1.7,14.17,14.885,846.35,0:13,3-4,"MMS, NG, CI, BD",General Oceanics,,,,U-16462,B335_CCE2_pressure,110.61,,,,,18 degree wire angle on downcast at first,Bongo 335,B30496,335  µm  - 1 (outboard),120.75,557299,582167,24868,B3094,335  µm - 2 (inboard),121.25,771162,796584,25422,141,30,20,100,,NA,NA,"75/28, 141/36, 75/51, 0/41",,,,,0,1,0,1,0,FALSE
311,P206.E.WCOA21,206,,E,WCOA21,,,B335_SCORP_EtOH,SCORP,Bongo 335,,,,,,,,,,,,,,,,,,,,,,SCORP,B335_SCORP,19-Jul-21,60,10:33,34 04.4906 N,119 32.6797 W,1.6,2.83,19.612,79.92,10:38,34 04.5345 N,119 32.8193 W,1.6,1.82,19.602,80.25,10:43,34 04.5818 N,119 32.9663 W,1.3,1.84,19.592,80.30,0:10,0-1,"MMS, NG, CI, BD",General Oceanics,,,,U-16462,B335_SCORP_pressure,53.62,,,,,net sat at surface before deployment longer than normal (winch shift change) ,Bongo 335,B30496,335  µm  - 1 (outboard),120.75,582744,602709,19965,B3094,335  µm - 2 (inboard),121.25,797143,817978,20835,85,30,20,60,,NA,NA,"40/42, 85/49, 40/52, 0/41",,,,,0,1,0,1,0,FALSE
314,P207.E.WCOA21,207,,E,WCOA21,,,B335_90-28_EtOH,90-28,Bongo 335,,,,,,,,,,,,,,,,,,,,,,90-28,B335_90-28,20-Jul-21,100,10:20,33 28.8529 N,117 46.6613 W,1.0,2.88,19.816,184.09,10:25,33 28.8715 N,117 46.8020 W,1.3,3.21,19.915,260.79,10:39,33 28.8990 N,117 46.1245 W,0.9,2.23,20.077,400.42,0:19,0-1,"MMS, NG, CI, BD",General Oceanics,,,,U-16462,B335_90-28_pressure,97.06,,,,,,Bongo 335,B30496,335  µm  - 1 (outboard),120.75,602984,642603,39619,B3094,335  µm - 2 (inboard),121.25,818236,858882,40646,141,30,10,100,,NA,NA,"75/51, 141/54, 75/54, 0/41",,,,,0,1,0,1,0,FALSE
317,P208.E.WCOA21,208,,E,WCOA21,,,B335_90-35_EtOH,90-35,Bongo 335,,,,,,,,,,,,,,,,,,,,,,90-35,B335_90-35,21-Jul-21,100,5:39,33 14.5800 N,118 15.8060 W,1.3,14.01,20.369,816.46,5:44,33 14.5194 N,118 15.9606 W,1.7,13.42,20.407,903.70,5:58,33 14.3537 N,118 16.3645 W,1.6,13.19,20.428,980.90,0:19,0-3,"MMS, NG, CI, ST",General Oceanics,,,,U-16462,B335_90-35_pressure,103.98,,,,,,Bongo 335,B30496,335  µm  - 1 (outboard),120.75,642602,678615,36013,B3094,335  µm - 2 (inboard),121.25,859031,897477,38446,141,30,10,100,,NA,NA,"75/41, 141/46, 75/48, 0/40",,,,,0,1,0,1,0,FALSE
320,P209.E.WCOA21,209,,E,WCOA21,,,B335_90-60_EtOH,90-60,Bongo 335,,,,,,,,,,,,,,,,,,,,,,90-60,B335_90-60,22-Jul-21,100,8:28,32 25.1171 N,119 57.5747 W,1.2,18.41,17.323,875.52,8:33,32 25.1873 N,119 57.7247 W,1.5,19.48,17.279,855.54,8:48,32 25.3508 N,119 58.0852 W,1.6,15.68,17.204,855.71,0:20,4-6,"MMS, NG, CI, BD",General Oceanics,,,,U-16462,B335_90-60_pressure,88.16,,,,,"flow meters spinning when net was out of water, before they could be read after recovery",Bongo 335,B30496,335  µm  - 1 (outboard),120.75,678816,720074,41258,B3094,335  µm - 2 (inboard),121.25,897641,939483,41842,141,30,10,100,,NA,NA,"75/43, 141/49, 75/48, 0/49",,,,,0:25,1,0,1,0,FALSE
323,P210.E.WCOA21,210,,E,WCOA21,,,B335_P02-12_EtOH,P02-12,Bongo 335,,,,,,,,,,,,,,,,,,,,,,P02-12,B335_P02-12,23-Jul-21,100,8:09,31 46.2790 N,120 15.2406 W,1.5,13.81,17.482,4037.63,8:14,31 46.3644 N,120 15.3650 W,1.5,12.90,17.488,4035.52,8:31,31 46.5985 N,120 15.7992 W,1.5,14.67,17.494,4023.66,0:22,4-6,"MMS, CI, NG, BD",General Oceanics,,,,U-16462,B335_P02-12_pressure,97.51,,,,,,Bongo 335,B30496,335  µm  - 1 (outboard),120.75,720063,760015,39952,B3094,335  µm - 2 (inboard),121.25,939675,981145,41470,141,30,10,100,,NA,NA,"75/44, 141/50, 75/40, 0/48",,,,,0,1,0,1,0,FALSE
