"Sample_Name","Biological_Replicate","Technical_Replicate","Negative_control","Cruise_ID_short","Cruise_ID_long","Cast_No.","Rosette_position","Field_collection_method","Preservation","Area.within.region","Station","Depth_m","Sample_volume_ml","Personnel_responsible_for_Collecting_Sample","Field_Notes","Date_UTC_notes","Lat_notes","Lon_notes","Latitude","Longitude","Date_UTC_btl","oxy_concM_ch1","oxy_percentsat_ch1","oxy_conc_ch1","salinity_ch1","salinity_ch2","sigma_t_ch1","sigma_t_ch2","chlor_fluorescence","temperature_ch1","temperature_ch2","turbidity","pressure"
"START.NC.SKQ2021",NA,NA,TRUE,"SKQ2021","SKQ21 EcoFOCI DBO",NA,NA,"Sterivex 0.22µm filter","95% EtOH",NA,NA,NA,1000,"Matt Galaska",NA,"2021/11/08 00:00:00",NA,NA,NA,NA,NA,NA,NA,NA,NA,NA,NA,NA,NA,NA,NA,NA,NA
"E1053.SKQ2021",1,1,FALSE,"SKQ2021","SKQ21 EcoFOCI DBO",1,4,"Niskin; Sterivex 0.22µm filter","95% EtOH","Chukchi Sea","DBO3.8",46,1000,"Matt Galaska",NA,"2021/11/08 22:04:00","67.6766333333333",-168.9495,NA,NA,NA,NA,NA,NA,NA,NA,NA,NA,NA,NA,NA,NA,NA
"E1054.SKQ2021",1,1,FALSE,"SKQ2021","SKQ21 EcoFOCI DBO",1,10,"Niskin; Sterivex 0.22µm filter","95% EtOH","Chukchi Sea","DBO3.8",30,1000,"Matt Galaska",NA,"2021/11/08 22:04:00","67.6766333333333",-168.9495,NA,NA,NA,NA,NA,NA,NA,NA,NA,NA,NA,NA,NA,NA,NA
"E1055.SKQ2021",1,1,FALSE,"SKQ2021","SKQ21 EcoFOCI DBO",1,16,"Niskin; Sterivex 0.22µm filter","95% EtOH","Chukchi Sea","DBO3.8",10,1000,"Matt Galaska",NA,"2021/11/08 22:04:00","67.6766333333333",-168.9495,NA,NA,NA,NA,NA,NA,NA,NA,NA,NA,NA,NA,NA,NA,NA
"E1056.SKQ2021",1,1,FALSE,"SKQ2021","SKQ21 EcoFOCI DBO",2,3,"Niskin; Sterivex 0.22µm filter","95% EtOH","Chukchi Sea","DBO4.1",49,1000,"Matt Galaska",NA,"2021/11/10 02:39:00","71.19315",-160.264733333333,"71.1935","-160.26483333333334","2021/11/10 02:43:21","6.2981","74.99","274.119","32.46","32.4604",26.0985,26.0991,"0.1966","-1.1147","-1.1261",NA,"49.348"
"E1057.SKQ2021",1,1,FALSE,"SKQ2021","SKQ21 EcoFOCI DBO",2,8,"Niskin; Sterivex 0.22µm filter","95% EtOH","Chukchi Sea","DBO4.1",30,1000,"Matt Galaska",NA,"2021/11/10 02:39:00","71.19315",-160.264733333333,"71.1935","-160.26483333333334","2021/11/10 02:43:21","7.5233","91.819","327.91","30.7279","30.7226",24.6469,24.6428,"0.3949","0.2772","0.2745",NA,"30.177"
"E1058.SKQ2021",1,1,FALSE,"SKQ2021","SKQ21 EcoFOCI DBO",2,14,"Niskin; Sterivex 0.22µm filter","95% EtOH","Chukchi Sea","DBO4.1",10,1000,"Matt Galaska",NA,"2021/11/10 02:39:00","71.19315",-160.264733333333,"71.1935","-160.26483333333334","2021/11/10 02:43:21","7.5784","92.471","330.31","30.7272","30.7227",24.6467,24.6431,"0.3726","0.2692","0.2665",NA,"9.922"
"E1059.SKQ2021",1,1,FALSE,"SKQ2021","SKQ21 EcoFOCI DBO",3,2,"Niskin; Sterivex 0.22µm filter","95% EtOH","Chukchi Sea","DBO4.2",43,1000,"Matt Galaska",NA,"2021/11/10 04:55:00","71.3218",-160.656666666667,"71.32183333333333","-160.65683333333334","2021/11/10 04:54:19","6.48","77.396","282.047","32.4094","32.4049",26.0534,26.05,"0.0923","-0.985","-0.9894",NA,"43.305"
"E1060.SKQ2021",1,1,FALSE,"SKQ2021","SKQ21 EcoFOCI DBO",3,6,"Niskin; Sterivex 0.22µm filter","95% EtOH","Chukchi Sea","DBO4.2",30,1000,"Matt Galaska",NA,"2021/11/10 04:55:00","71.3218",-160.656666666667,"71.32183333333333","-160.65683333333334","2021/11/10 04:54:19","6.6831","81.643","291.016","31.9058","31.9097",25.6089,25.6123,"0.0339","-4.0E-4","-0.006",NA,"30.387"
"E1061.SKQ2021",1,1,FALSE,"SKQ2021","SKQ21 EcoFOCI DBO",3,11,"Niskin; Sterivex 0.22µm filter","95% EtOH","Chukchi Sea","DBO4.2",10,1000,"Matt Galaska",NA,"2021/11/10 04:55:00","71.3218",-160.656666666667,"71.32183333333333","-160.65683333333334","2021/11/10 04:54:19","8.0981","98.183","352.974","30.664","30.6593",24.6053,24.6016,"0.1691","0.043","0.0427",NA,"10.251"
"E1062.SKQ2021",1,1,FALSE,"SKQ2021","SKQ21 EcoFOCI DBO",4,2,"Niskin; Sterivex 0.22µm filter","95% EtOH","Chukchi Sea","DBO4.3",43,1000,"Matt Galaska",NA,"2021/11/10 07:19:00","71.4543333333333",-161.039383333333,"71.45433333333334","-161.03933333333333","2021/11/10 07:21:59","6.5923","80.094","287.008","32.1225","32.1166",25.7951,25.7904,"0.1112","-0.2657","-0.2677",NA,"43.344"
"E1063.SKQ2021",1,1,FALSE,"SKQ2021","SKQ21 EcoFOCI DBO",4,5,"Niskin; Sterivex 0.22µm filter","95% EtOH","Chukchi Sea","DBO4.3",30,1000,"Matt Galaska",NA,"2021/11/10 07:19:00","71.4543333333333",-161.039383333333,"71.45433333333334","-161.03933333333333","2021/11/10 07:21:59","6.6121","80.373","287.873","32.1213","32.1167",25.7934,25.7897,"0.1112","-0.2475","-0.2486",NA,"30.407"
"E1064.SKQ2021",1,1,FALSE,"SKQ2021","SKQ21 EcoFOCI DBO",4,11,"Niskin; Sterivex 0.22µm filter","95% EtOH","Chukchi Sea","DBO4.3",10,1000,"Matt Galaska",NA,"2021/11/10 07:19:00","71.4543333333333",-161.039383333333,"71.45433333333334","-161.03933333333333","2021/11/10 07:21:59","8.2945","96.567","361.495","30.7504","30.7382",24.7212,24.7117,"0.1095","-1.4981","-1.5196",NA,"10.307"
"E1065.SKQ2021",1,1,FALSE,"SKQ2021","SKQ21 EcoFOCI DBO",5,3,"Niskin; Sterivex 0.22µm filter","95% EtOH","Chukchi Sea","DBO4.4",43,1000,"Matt Galaska",NA,"2021/11/10 10:26:00","71.589",-161.405833333333,"71.589","-161.4065","2021/11/10 10:27:49","5.3715","63.395","233.729","32.7823","32.7781",26.3714,26.3681,"0.1192","-1.5283","-1.5293",NA,"43.311"
"E1066.SKQ2021",1,1,FALSE,"SKQ2021","SKQ21 EcoFOCI DBO",5,5,"Niskin; Sterivex 0.22µm filter","95% EtOH","Chukchi Sea","DBO4.4",30,1000,"Matt Galaska",NA,"2021/11/10 10:26:00","71.589",-161.405833333333,"71.589","-161.4065","2021/11/10 10:27:49","5.9107","69.945","257.228","32.6031","32.5983",26.2221,26.2183,"0.0808","-1.3818","-1.3815",NA,"30.379"
"E1067.SKQ2021",1,1,FALSE,"SKQ2021","SKQ21 EcoFOCI DBO",5,11,"Niskin; Sterivex 0.22µm filter","95% EtOH","Chukchi Sea","DBO4.4",10,1000,"Matt Galaska",NA,"2021/11/10 10:26:00","71.589",-161.405833333333,"71.589","-161.4065","2021/11/10 10:27:49","8.2295","95.335","358.677","30.6967","30.6906",24.6806,24.6757,"0.0831","-1.667","-1.6681",NA,"10.315"
"E1068.SKQ2021",1,1,FALSE,"SKQ2021","SKQ21 EcoFOCI DBO",6,2,"Niskin; Sterivex 0.22µm filter","95% EtOH","Chukchi Sea","CEO",42,1000,"Matt Galaska",NA,"2021/11/10 12:18:00","71.5908333333333",-161.524833333333,"71.59116666666667","-161.523","2021/11/10 12:13:45","5.4109","63.873","235.443","32.7704","32.7643",26.3615,26.3566,"0.1376","-1.5172","-1.5181",NA,"42.303"
"E1069.SKQ2021",1,1,FALSE,"SKQ2021","SKQ21 EcoFOCI DBO",6,8,"Niskin; Sterivex 0.22µm filter","95% EtOH","Chukchi Sea","CEO",30,1000,"Matt Galaska",NA,"2021/11/10 12:18:00","71.5908333333333",-161.524833333333,"71.59116666666667","-161.523","2021/11/10 12:13:45","6.0822","71.971","264.696","32.5841","32.5797",26.2066,26.2031,"0.1444","-1.3787","-1.3793",NA,"30.186"
"E1070.SKQ2021",1,1,FALSE,"SKQ2021","SKQ21 EcoFOCI DBO",6,14,"Niskin; Sterivex 0.22µm filter","95% EtOH","Chukchi Sea","CEO",10,1000,"Matt Galaska",NA,"2021/11/10 12:18:00","71.5908333333333",-161.524833333333,"71.59116666666667","-161.523","2021/11/10 12:13:45","7.9022","91.498","344.434","30.615","30.6103",24.6142,24.6104,"0.1215","-1.6639","-1.6649",NA,"10.203"
"E1071.SKQ2021",1,1,FALSE,"SKQ2021","SKQ21 EcoFOCI DBO",7,2,"Niskin; Sterivex 0.22µm filter","95% EtOH","Arctic Ocean","DBO4.5",39,1000,"Matt Galaska",NA,"2021/11/10 14:34:00","71.7186666666667",-161.774716666667,"71.71916666666667","-161.77433333333335","2021/11/10 14:33:01","5.2381","61.704","227.912","32.8329","32.8259",26.4146,26.4089,"0.2247","-1.6106","-1.6116",NA,"39.34"
"E1072.SKQ2021",1,1,FALSE,"SKQ2021","SKQ21 EcoFOCI DBO",7,5,"Niskin; Sterivex 0.22µm filter","95% EtOH","Arctic Ocean","DBO4.5",30,1000,"Matt Galaska",NA,"2021/11/10 14:34:00","71.7186666666667",-161.774716666667,"71.71916666666667","-161.77433333333335","2021/11/10 14:33:01","5.2885","62.293","230.108","32.8233","32.8179",26.4068,26.4025,"0.2373","-1.6117","-1.6128",NA,"30.031"
"E1073.SKQ2021",1,1,FALSE,"SKQ2021","SKQ21 EcoFOCI DBO",7,11,"Niskin; Sterivex 0.22µm filter","95% EtOH","Arctic Ocean","DBO4.5",10,1000,"Matt Galaska",NA,"2021/11/10 14:34:00","71.7186666666667",-161.774716666667,"71.71916666666667","-161.77433333333335","2021/11/10 14:33:01","8.0945","93.567","352.882","30.3778","30.3724",24.4216,24.4172,"0.1485","-1.6638","-1.6647",NA,"9.983"
"E1074.SKQ2021",1,1,FALSE,"SKQ2021","SKQ21 EcoFOCI DBO",8,2,"Niskin; Sterivex 0.22µm filter","95% EtOH","Arctic Ocean","DBO4.6",37,1000,"Matt Galaska",NA,"2021/11/10 18:39:00","71.8507",-162.17025,"71.85066666666667","-162.16983333333334","2021/11/10 18:39:00","5.3422","62.932","232.452","32.781","32.7751",26.3721,26.3673,"0.2499","-1.5963","-1.5971",NA,"37.154"
"E1075.SKQ2021",1,1,FALSE,"SKQ2021","SKQ21 EcoFOCI DBO",8,5,"Niskin; Sterivex 0.22µm filter","95% EtOH","Arctic Ocean","DBO4.6",30.6,1000,"Matt Galaska",NA,"2021/11/10 18:39:00","71.8507",-162.17025,"71.85066666666667","-162.16983333333334","2021/11/10 18:39:00","5.6206","66.16","244.624","32.4955","32.4906",26.1391,26.1351,"0.1932","-1.5504","-1.5512",NA,"30.592"
"E1076.SKQ2021",1,1,FALSE,"SKQ2021","SKQ21 EcoFOCI DBO",8,11,"Niskin; Sterivex 0.22µm filter","95% EtOH","Arctic Ocean","DBO4.6",10.5,1000,"Matt Galaska",NA,"2021/11/10 18:39:00","71.8507",-162.17025,"71.85066666666667","-162.16983333333334","2021/11/10 18:39:00","8.1148","93.859","353.73","30.5039","30.4981",24.5241,24.5194,"0.0831","-1.6738","-1.6747",NA,"10.411"
"E1077.SKQ2021",1,1,FALSE,"SKQ2021","SKQ21 EcoFOCI DBO",9,2,"Niskin; Sterivex 0.22µm filter","95% EtOH","Chukchi Sea","C2",40.3,1000,"Matt Galaska",NA,"2021/11/11 05:10:00","71",-164,"71.21833333333333","-164.24283333333332","2021/11/11 05:08:13","6.502","79.736","283.195","31.6242","31.6138",25.3717,25.3636,"0.1393","0.2211","0.2159",NA,"40.265"
"E1078.SKQ2021",1,1,FALSE,"SKQ2021","SKQ21 EcoFOCI DBO",9,5,"Niskin; Sterivex 0.22µm filter","95% EtOH","Chukchi Sea","C2",30.4,1000,"Matt Galaska",NA,"2021/11/11 05:10:00","71",-164,"71.21833333333333","-164.24283333333332","2021/11/11 05:08:13","7.5822","91.506","330.343","31.2196","31.2154",25.0664,25.063,"0.1192","-0.2795","-0.2798",NA,"30.339"
"E1079.SKQ2021",1,1,FALSE,"SKQ2021","SKQ21 EcoFOCI DBO",9,11,"Niskin; Sterivex 0.22µm filter","95% EtOH","Chukchi Sea","C2",10,1000,"Matt Galaska",NA,"2021/11/11 05:10:00","71",-164,"71.21833333333333","-164.24283333333332","2021/11/11 05:08:13","7.7277","92.732","336.708","31.1133","31.1091",24.9873,24.9839,"0.1485","-0.4661","-0.4665",NA,"10.227"
"E1080.SKQ2021",1,1,FALSE,"SKQ2021","SKQ21 EcoFOCI DBO",10,2,"Niskin; Sterivex 0.22µm filter","95% EtOH","Chukchi Sea","DBO3.1",30,1000,"Matt Galaska",NA,"2021/11/12 01:21:00","68.304",-166.929366666667,"68.304","-166.92883333333333","2021/11/12 01:18:18","7.8832","94.297","343.546","30.8719","30.8662",24.7941,24.7896,"0.505","-0.5221","-0.5222",NA,"30.03"
"E1081.SKQ2021",1,1,FALSE,"SKQ2021","SKQ21 EcoFOCI DBO",10,6,"Niskin; Sterivex 0.22µm filter","95% EtOH","Chukchi Sea","DBO3.1",10,1000,"Matt Galaska",NA,"2021/11/12 01:21:00","68.304",-166.929366666667,"68.304","-166.92883333333333","2021/11/12 01:18:18","8.3482","96.307","364.122","29.7578","29.743",23.9169,23.9051,"0.4551","-1.575","-1.5887",NA,"10.204"
"E1082.SKQ2021",1,1,FALSE,"SKQ2021","SKQ21 EcoFOCI DBO",11,2,"Niskin; Sterivex 0.22µm filter","95% EtOH","Arctic Ocean","DBO3.2",38.4,1000,"Matt Galaska",NA,"2021/11/12 03:15:00","68.2506666666667",-167.12175,"68.24933333333334","-167.12333333333333","2021/11/12 03:14:11","7.4672","92.966","325.237","31.6493","31.6409",25.3632,25.3565,"0.2831","0.7942","0.7933",NA,"38.407"
"E1083.SKQ2021",1,1,FALSE,"SKQ2021","SKQ21 EcoFOCI DBO",11,5,"Niskin; Sterivex 0.22µm filter","95% EtOH","Arctic Ocean","DBO3.2",30.6,1000,"Matt Galaska",NA,"2021/11/12 03:15:00","68.2506666666667",-167.12175,"68.24933333333334","-167.12333333333333","2021/11/12 03:14:11","7.4553","92.823","324.717","31.6457","31.6389",25.3601,25.3546,"0.2562","0.7978","0.7971",NA,"30.655"
"E1084.SKQ2021",1,1,FALSE,"SKQ2021","SKQ21 EcoFOCI DBO",11,11,"Niskin; Sterivex 0.22µm filter","95% EtOH","Arctic Ocean","DBO3.2",9.9,1000,"Matt Galaska",NA,"2021/11/12 03:15:00","68.2506666666667",-167.12175,"68.24933333333334","-167.12333333333333","2021/11/12 03:14:11","8.4031","96.745","366.54","29.6759","29.6651",23.8512,23.8424,"0.3634","-1.6278","-1.6288",NA,"9.924"
"E1085.SKQ2021",1,1,FALSE,"SKQ2021","SKQ21 EcoFOCI DBO",13,4,"Niskin; Sterivex 0.22µm filter","95% EtOH","Chukchi Sea","DBO3.3",43,1000,"Matt Galaska",NA,"2021/11/12 05:26:00","68.1905166666667",-167.291166666667,"68.1905","-167.29133333333334","2021/11/12 05:25:50","7.1307","88.956","310.541","31.82","31.8181",25.4986,25.4972,"0.2562","0.8264","0.8245",NA,"43.143"
"E1086.SKQ2021",1,1,FALSE,"SKQ2021","SKQ21 EcoFOCI DBO",13,8,"Niskin; Sterivex 0.22µm filter","95% EtOH","Chukchi Sea","DBO3.3",30,1000,"Matt Galaska",NA,"2021/11/12 05:26:00","68.1905166666667",-167.291166666667,"68.1905","-167.29133333333334","2021/11/12 05:25:50","7.1118","88.757","309.717","31.8092","31.8061",25.4889,25.4864,"0.298","0.8458","0.8453",NA,"30.067"
"E1087.SKQ2021",1,1,FALSE,"SKQ2021","SKQ21 EcoFOCI DBO",13,16,"Niskin; Sterivex 0.22µm filter","95% EtOH","Chukchi Sea","DBO3.3",9.6,1000,"Matt Galaska",NA,"2021/11/12 05:26:00","68.1905166666667",-167.291166666667,"68.1905","-167.29133333333334","2021/11/12 05:25:50","8.3808","96.604","365.538","29.7753","29.7697",23.9315,23.927,"0.2625","-1.6097","-1.6105",NA,"9.651"
"E1088.SKQ2021",1,1,FALSE,"SKQ2021","SKQ21 EcoFOCI DBO",14,4,"Niskin; Sterivex 0.22µm filter","95% EtOH","Chukchi Sea","DBO3.4",45,1000,"Matt Galaska",NA,"2021/11/12 00:00:00","68.1166666666667",-167.483333333333,"68.1325","-167.48783333333333","2021/11/12 07:05:36","6.6151","83.355","288.07","31.9174","31.9112",25.556,25.5511,"0.2613","1.1886","1.1873",NA,"45.233"
"E1089.SKQ2021",1,1,FALSE,"SKQ2021","SKQ21 EcoFOCI DBO",14,12,"Niskin; Sterivex 0.22µm filter","95% EtOH","Chukchi Sea","DBO3.4",30,1000,"Matt Galaska",NA,"2021/11/12 00:00:00","68.1166666666667",-167.483333333333,"68.1325","-167.48783333333333","2021/11/12 07:05:36","6.6162","83.372","288.117","31.9147","31.9097",25.5536,25.5497,"0.2482","1.1914","1.1901",NA,"30.405"
"E1090.SKQ2021",1,1,FALSE,"SKQ2021","SKQ21 EcoFOCI DBO",14,20,"Niskin; Sterivex 0.22µm filter","95% EtOH","Chukchi Sea","DBO3.4",10,1000,"Matt Galaska",NA,"2021/11/12 00:00:00","68.1166666666667",-167.483333333333,"68.1325","-167.48783333333333","2021/11/12 07:05:36","8.4023","96.912","366.495","29.7175","29.7089",23.8841,23.8773,"0.1892","-1.5721","-1.581",NA,"9.936"
"E1091.SKQ2021",1,1,FALSE,"SKQ2021","SKQ21 EcoFOCI DBO",15,4,"Niskin; Sterivex 0.22µm filter","95% EtOH","Chukchi Sea","DBO3.5",48.5,1000,"Matt Galaska",NA,"2021/11/12 09:37:00","68.013",-167.885333333333,"68.01316666666666","-167.87933333333334","2021/11/12 09:39:57","4.2544","51.116","185.091","32.9919","32.988",26.5231,26.5199,"0.3542","-0.9169","-0.9181",NA,"48.429"
"E1092.SKQ2021",1,1,FALSE,"SKQ2021","SKQ21 EcoFOCI DBO",15,12,"Niskin; Sterivex 0.22µm filter","95% EtOH","Chukchi Sea","DBO3.5",30.6,1000,"Matt Galaska",NA,"2021/11/12 09:37:00","68.013",-167.885333333333,"68.01316666666666","-167.87933333333334","2021/11/12 09:39:57","4.2315","50.942","184.096","32.9813","32.9774",26.5117,26.5089,"0.3313","-0.8393","-0.8479",NA,"30.584"
"E1093.SKQ2021",1,1,FALSE,"SKQ2021","SKQ21 EcoFOCI DBO",15,20,"Niskin; Sterivex 0.22µm filter","95% EtOH","Chukchi Sea","DBO3.5",10.2,1000,"Matt Galaska",NA,"2021/11/12 09:37:00","68.013",-167.885333333333,"68.01316666666666","-167.87933333333334","2021/11/12 09:39:57","8.1761","94.711","356.369","30.6313","30.6248",24.6272,24.622,"0.3324","-1.6523","-1.6541",NA,"10.211"
"E1094.SKQ2021",1,1,FALSE,"SKQ2021","SKQ21 EcoFOCI DBO",16,4,"Niskin; Sterivex 0.22µm filter","95% EtOH","Chukchi Sea","DBO3.6",52.7,1000,"Matt Galaska",NA,"2021/11/12 12:56:00","68.8833333333333",-167.216666666667,"67.90133333333333","-168.23633333333333","2021/11/12 12:57:06","1.7926","22.212","77.994","32.9598","32.9519",26.4465,26.4402,"0.3376","0.2608","0.2597",NA,"52.693"
"E1095.SKQ2021",1,1,FALSE,"SKQ2021","SKQ21 EcoFOCI DBO",16,12,"Niskin; Sterivex 0.22µm filter","95% EtOH","Chukchi Sea","DBO3.6",30.3,1000,"Matt Galaska",NA,"2021/11/12 12:56:00","68.8833333333333",-167.216666666667,"67.90133333333333","-168.23633333333333","2021/11/12 12:57:06","1.6073","20.142","69.939","32.8549","32.8505",26.3369,26.3333,"0.2236","0.723","0.7247",NA,"30.267"
"E1096.SKQ2021",1,1,FALSE,"SKQ2021","SKQ21 EcoFOCI DBO",16,20,"Niskin; Sterivex 0.22µm filter","95% EtOH","Chukchi Sea","DBO3.6",10.3,1000,"Matt Galaska",NA,"2021/11/12 12:56:00","68.8833333333333",-167.216666666667,"67.90133333333333","-168.23633333333333","2021/11/12 12:57:06","8.1761","95.044","356.382","30.5944","30.5883",24.5949,24.5899,"0.255","-1.5132","-1.5127",NA,"10.297"
"E1097.SKQ2021",1,1,FALSE,"SKQ2021","SKQ21 EcoFOCI DBO",17,4,"Niskin; Sterivex 0.22µm filter","95% EtOH","Chukchi Sea","DBO3.7",45,1000,"Matt Galaska",NA,"2021/11/12 15:39:00","67.7828333333333",-168.594966666667,"67.783","-168.59516666666667","2021/11/12 15:38:01","2.615","31.756","113.756","33.1592","33.1541",26.6451,26.641,"0.3066","-0.5604","-0.5615",NA,"45.086"
"E1098.SKQ2021",1,1,FALSE,"SKQ2021","SKQ21 EcoFOCI DBO",17,12,"Niskin; Sterivex 0.22µm filter","95% EtOH","Chukchi Sea","DBO3.7",30,1000,"Matt Galaska",NA,"2021/11/12 15:39:00","67.7828333333333",-168.594966666667,"67.783","-168.59516666666667","2021/11/12 15:38:01","2.2799","28.647","99.204","32.8894","32.8862",26.3593,26.3564,"0.184","0.8178","0.8232",NA,"30.395"
"E1099.SKQ2021",1,1,FALSE,"SKQ2021","SKQ21 EcoFOCI DBO",17,20,"Niskin; Sterivex 0.22µm filter","95% EtOH","Chukchi Sea","DBO3.7",10,1000,"Matt Galaska",NA,"2021/11/12 15:39:00","67.7828333333333",-168.594966666667,"67.783","-168.59516666666667","2021/11/12 15:38:01","7.8748","92.246","343.221","30.697","30.6912",24.673,24.6683,"0.3376","-1.2567","-1.2577",NA,"10.216"
"MID.NC.SKQ2021",1,1,TRUE,"SKQ2021","SKQ21 EcoFOCI DBO",NA,NA,"Sterivex 0.22µm filter","95% EtOH",NA,NA,NA,NA,NA,NA,"2021/11/14 00:00:00",NA,NA,NA,NA,NA,NA,NA,NA,NA,NA,NA,NA,NA,NA,NA,NA,NA
"E1100.SKQ2021",1,1,FALSE,"SKQ2021","SKQ21 EcoFOCI DBO",18,2,"Niskin; Sterivex 0.22µm filter","95% EtOH","Bering Sea","M8",68.4,1000,"Matt Galaska",NA,"2021/11/14 09:51:00","62.2013333333333",-174.68,"62.20133333333333","-174.68","2021/11/14 09:53:49","6.937","89.08","301.959","32.5031","32.4988",25.9879,25.9845,"0.4356","1.7712","1.7707",NA,"68.443"
"E1101.SKQ2021",1,1,FALSE,"SKQ2021","SKQ21 EcoFOCI DBO",18,11,"Niskin; Sterivex 0.22µm filter","95% EtOH","Bering Sea","M8",31.1,1000,"Matt Galaska",NA,"2021/11/14 09:51:00","62.2013333333333",-174.68,"62.20133333333333","-174.68","2021/11/14 09:53:49","7.0219","90.168","305.657","32.4839","32.4807",25.9722,25.969,"0.4006","1.7756","1.7844",NA,"30.806"
"E1102.SKQ2021",1,1,FALSE,"SKQ2021","SKQ21 EcoFOCI DBO",18,17,"Niskin; Sterivex 0.22µm filter","95% EtOH","Bering Sea","M8",10,1000,"Matt Galaska",NA,"2021/11/14 09:51:00","62.2013333333333",-174.68,"62.20133333333333","-174.68","2021/11/14 09:53:49","7.2551","92.324","315.821","32.4203","32.4168",25.9441,25.9413,"0.5766","1.4375","1.4362",NA,"10.142"
"E1103.SKQ2021",1,1,FALSE,"SKQ2021","SKQ21 EcoFOCI DBO",19,3,"Niskin; Sterivex 0.22µm filter","95% EtOH","Bering Sea","DBO1.1",73.9,1000,"Matt Galaska",NA,"2021/11/14 12:06:00","62",-175.066666666667,"62.0115","-175.06016666666667","2021/11/14 12:08:40","6.6439","85.994","289.161","32.6984","32.6952",26.1257,26.1232,"0.1938","2.031","2.0295",NA,"73.516"
"E1104.SKQ2021",1,1,FALSE,"SKQ2021","SKQ21 EcoFOCI DBO",19,12,"Niskin; Sterivex 0.22µm filter","95% EtOH","Bering Sea","DBO1.1",30.3,1000,"Matt Galaska",NA,"2021/11/14 12:06:00","62",-175.066666666667,"62.0115","-175.06016666666667","2021/11/14 12:08:40","6.7777","87.778","294.995","32.6643","32.66",26.096,26.0929,"0.2602","2.0633","2.0595",NA,"30.066"
"E1105.SKQ2021",1,1,FALSE,"SKQ2021","SKQ21 EcoFOCI DBO",19,18,"Niskin; Sterivex 0.22µm filter","95% EtOH","Bering Sea","DBO1.1",9.8,1000,"Matt Galaska",NA,"2021/11/14 12:06:00","62",-175.066666666667,"62.0115","-175.06016666666667","2021/11/14 12:08:40","6.9167","89.506","301.044","32.6553","32.6522",26.0909,26.0885,"0.2923","2.0344","2.0333",NA,"9.516"
"E1106.SKQ2021",1,1,FALSE,"SKQ2021","SKQ21 EcoFOCI DBO",20,3,"Niskin; Sterivex 0.22µm filter","95% EtOH","Bering Sea","DBO1.2",75.9,1000,"Matt Galaska",NA,"2021/11/14 14:06:00","62.0492833333333",-175.208633333333,"62.048833333333334","-175.209","2021/11/14 14:08:01","6.6699","86.147","290.284","32.7244","32.719",26.1532,26.149,"0.2459","1.9396","1.9381",NA,"75.439"
"E1107.SKQ2021",1,1,FALSE,"SKQ2021","SKQ21 EcoFOCI DBO",20,12,"Niskin; Sterivex 0.22µm filter","95% EtOH","Bering Sea","DBO1.2",30.8,1000,"Matt Galaska",NA,"2021/11/14 14:06:00","62.0492833333333",-175.208633333333,"62.048833333333334","-175.209","2021/11/14 14:08:01","6.6621","86.134","289.951","32.7125","32.7091",26.1406,26.138,"0.2447","1.9826","1.9805",NA,"30.462"
"E1108.SKQ2021",1,1,FALSE,"SKQ2021","SKQ21 EcoFOCI DBO",20,18,"Niskin; Sterivex 0.22µm filter","95% EtOH","Bering Sea","DBO1.2",10,1000,"Matt Galaska",NA,"2021/11/14 14:06:00","62.0492833333333",-175.208633333333,"62.048833333333334","-175.209","2021/11/14 14:08:01","6.7195","86.902","292.448","32.7087","32.7057",26.1365,26.1342,"0.2487","1.9962","1.9952",NA,"9.925"
"E1109.SKQ2021",1,1,FALSE,"SKQ2021","SKQ21 EcoFOCI DBO",21,3,"Niskin; Sterivex 0.22µm filter","95% EtOH","Bering Sea","DBO1.3",69.7,1000,"Matt Galaska",NA,"2021/11/14 17:01:00","62.22",-174.877833333333,"62.220166666666664","-174.878","2021/11/14 17:01:40","6.6336","85.707","288.724","32.6526","32.6491",26.0933,26.0906,"0.2379","1.9721","1.9709",NA,"70.053"
"E1110.SKQ2021",1,1,FALSE,"SKQ2021","SKQ21 EcoFOCI DBO",21,12,"Niskin; Sterivex 0.22µm filter","95% EtOH","Bering Sea","DBO1.3",30.5,1000,"Matt Galaska",NA,"2021/11/14 17:01:00","62.22",-174.877833333333,"62.220166666666664","-174.878","2021/11/14 17:01:40","7.1523","91.866","311.319","32.5588","32.5558",26.033,26.0307,"0.4488","1.7651","1.764",NA,"30.528"
"E1111.SKQ2021",1,1,FALSE,"SKQ2021","SKQ21 EcoFOCI DBO",21,18,"Niskin; Sterivex 0.22µm filter","95% EtOH","Bering Sea","DBO1.3",9.9,1000,"Matt Galaska",NA,"2021/11/14 17:01:00","62.22",-174.877833333333,"62.220166666666664","-174.878","2021/11/14 17:01:40","7.1709","91.967","312.132","32.5381","32.5347",26.0201,26.0175,"0.4556","1.7116","1.7094",NA,"10.258"
"E1112.SKQ2021",1,1,FALSE,"SKQ2021","SKQ21 EcoFOCI DBO",22,3,"Niskin; Sterivex 0.22µm filter","95% EtOH","Bering Sea","DBO1.4",65.4,1000,"Matt Galaska",NA,"2021/11/14 18:58:00","62.3903333333333",-174.5716,"62.39033333333333","-174.57166666666666","2021/11/14 19:01:37","5.0773","64.615","220.973","32.6708","32.6677",26.1493,26.1469,"0.1915","1.3724","1.3711",NA,"65.783"
"E1113.SKQ2021",1,1,FALSE,"SKQ2021","SKQ21 EcoFOCI DBO",22,12,"Niskin; Sterivex 0.22µm filter","95% EtOH","Bering Sea","DBO1.4",30.3,1000,"Matt Galaska",NA,"2021/11/14 18:58:00","62.3903333333333",-174.5716,"62.39033333333333","-174.57166666666666","2021/11/14 19:01:37","7.3456","91.955","319.783","32.2788","32.1267",25.867,25.7448,"0.7542","0.8372","0.8351",NA,"30.456"
"E1114.SKQ2021",1,1,FALSE,"SKQ2021","SKQ21 EcoFOCI DBO",22,18,"Niskin; Sterivex 0.22µm filter","95% EtOH","Bering Sea","DBO1.4",10.2,1000,"Matt Galaska",NA,"2021/11/14 18:58:00","62.3903333333333",-174.5716,"62.39033333333333","-174.57166666666666","2021/11/14 19:01:37","7.3642","92.127","320.595","32.2735","32.1256",25.8641,25.7451,"0.7634","0.8128","0.8145",NA,"10.146"
"E1115.SKQ2021",1,1,FALSE,"SKQ2021","SKQ21 EcoFOCI DBO",23,3,"Niskin; Sterivex 0.22µm filter","95% EtOH","Bering Sea","DBO1.5",62.6,1000,"Matt Galaska",NA,"2021/11/14 22:19:00","62.4683333333333",-174.0845,"62.468333333333334","-174.08483333333334","2021/11/14 22:16:55","5.0012","62.723","217.667","32.5893","32.5853",26.1174,26.1142,"0.1926","0.8258","0.8245",NA,"62.576"
"E1116.SKQ2021",1,1,FALSE,"SKQ2021","SKQ21 EcoFOCI DBO",23,12,"Niskin; Sterivex 0.22µm filter","95% EtOH","Bering Sea","DBO1.5",29.5,1000,"Matt Galaska",NA,"2021/11/14 22:19:00","62.4683333333333",-174.0845,"62.468333333333334","-174.08483333333334","2021/11/14 22:16:55","7.3876","92.503","321.679","32.0059","32.1511",25.6429,25.7598,"0.7646","0.9204","0.9174",NA,"29.347"
"E1117.SKQ2021",1,1,FALSE,"SKQ2021","SKQ21 EcoFOCI DBO",23,18,"Niskin; Sterivex 0.22µm filter","95% EtOH","Bering Sea","DBO1.5",9.8,1000,"Matt Galaska",NA,"2021/11/14 22:19:00","62.4683333333333",-174.0845,"62.468333333333334","-174.08483333333334","2021/11/14 22:16:55","7.3993","92.555","322.217","31.8985","32.1447",25.5571,25.7551,"0.8402","0.9095","0.9091",NA,"9.903"
"E1118.SKQ2021",1,1,FALSE,"SKQ2021","SKQ21 EcoFOCI DBO",24,3,"Niskin; Sterivex 0.22µm filter","95% EtOH","Bering Sea","DBO1.6",60.2,1000,"Matt Galaska",NA,"2021/11/15 00:00:00","62.5605",-173.55045,"62.56066666666667","-173.55016666666666","2021/11/15 00:37:00","5.203","64.165","226.48","32.3856","32.3811",25.985,25.9814,"0.2236","0.2321","0.2305",NA,"60.405"
"E1119.SKQ2021",1,1,FALSE,"SKQ2021","SKQ21 EcoFOCI DBO",24,12,"Niskin; Sterivex 0.22µm filter","95% EtOH","Bering Sea","DBO1.6",30.6,1000,"Matt Galaska",NA,"2021/11/15 00:00:00","62.5605",-173.55045,"62.56066666666667","-173.55016666666666","2021/11/15 00:37:00","7.399","92.283","322.187","31.9637","31.9604",25.6168,25.6142,"0.7308","0.7794","0.778",NA,"30.635"
"E1120.SKQ2021",1,1,FALSE,"SKQ2021","SKQ21 EcoFOCI DBO",24,18,"Niskin; Sterivex 0.22µm filter","95% EtOH","Bering Sea","DBO1.6",10.9,1000,"Matt Galaska",NA,"2021/11/15 00:00:00","62.5605",-173.55045,"62.56066666666667","-173.55016666666666","2021/11/15 00:37:00","7.5663","93.986","329.49","31.8792","31.8755",25.556,25.5532,"0.8678","0.6453","0.6439",NA,"10.658"
"E1121.SKQ2021",1,1,FALSE,"SKQ2021","SKQ21 EcoFOCI DBO",25,3,"Niskin; Sterivex 0.22µm filter","95% EtOH","Bering Sea","DBO1.7",65.6,1000,"Matt Galaska",NA,"2021/11/15 03:51:00","62.7875",-173.500416666667,"62.7875","-173.5005","2021/11/15 03:53:15","5.2338","63.803","227.833","32.2983","32.2937",25.9337,25.93,"0.2018","-0.1853","-0.1861",NA,"65.577"
"E1122.SKQ2021",1,1,FALSE,"SKQ2021","SKQ21 EcoFOCI DBO",25,12,"Niskin; Sterivex 0.22µm filter","95% EtOH","Bering Sea","DBO1.7",31.2,1000,"Matt Galaska",NA,"2021/11/15 03:51:00","62.7875",-173.500416666667,"62.7875","-173.5005","2021/11/15 03:53:15","7.6494","94.193","333.139","31.7393","31.7358",25.4585,25.4557,"0.6855","0.3477","0.3466",NA,"30.73"
"E1123.SKQ2021",1,1,FALSE,"SKQ2021","SKQ21 EcoFOCI DBO",25,18,"Niskin; Sterivex 0.22µm filter","95% EtOH","Bering Sea","DBO1.7",10.9,1000,"Matt Galaska",NA,"2021/11/15 03:51:00","62.7875",-173.500416666667,"62.7875","-173.5005","2021/11/15 03:53:15","7.6792","94.48","334.441","31.7336","31.73",25.4554,25.4525,"0.7875","0.3166","0.3161",NA,"10.64"
"E1124.SKQ2021",1,1,FALSE,"SKQ2021","SKQ21 EcoFOCI DBO",26,3,"Niskin; Sterivex 0.22µm filter","95% EtOH","Bering Sea","DBO1.8",64.9,1000,"Matt Galaska",NA,"2021/11/15 05:50:00","63.0301666666667",-173.461,"63.030166666666666","-173.46116666666666","2021/11/15 05:52:47","4.9929","61.291","217.303","32.5501","32.5462",26.1281,26.1251,"0.1903","0.0124","0.0112",NA,"64.517"
"E1125.SKQ2021",1,1,FALSE,"SKQ2021","SKQ21 EcoFOCI DBO",26,12,"Niskin; Sterivex 0.22µm filter","95% EtOH","Bering Sea","DBO1.8",30.4,1000,"Matt Galaska",NA,"2021/11/15 05:50:00","63.0301666666667",-173.461,"63.030166666666666","-173.46116666666666","2021/11/15 05:52:47","7.64","94.414","332.742","31.702","31.6981",25.4212,25.4182,"0.2385","0.4946","0.4922",NA,"30.277"
"E1126.SKQ2021",1,1,FALSE,"SKQ2021","SKQ21 EcoFOCI DBO",26,18,"Niskin; Sterivex 0.22µm filter","95% EtOH","Bering Sea","DBO1.8",10.8,1000,"Matt Galaska",NA,"2021/11/15 05:50:00","63.0301666666667",-173.461,"63.030166666666666","-173.46116666666666","2021/11/15 05:52:47","7.654","94.527","333.355","31.6958","31.6922",25.4173,25.4145,"0.2453","0.472","0.47",NA,"10.547"
"E1127.SKQ2021",1,1,FALSE,"SKQ2021","SKQ21 EcoFOCI DBO",27,3,"Niskin; Sterivex 0.22µm filter","95% EtOH","Bering Sea","DBO1.9",60.9,1000,"Matt Galaska",NA,"2021/11/15 09:34:00","63.2783333333333",-173.281,"63.279666666666664","-173.281","2021/11/15 09:34:19","5.3672","66.745","233.587","32.6294","32.6256",26.1684,26.1655,"0.1852","0.487","0.4858",NA,"59.981"
"E1128.SKQ2021",1,1,FALSE,"SKQ2021","SKQ21 EcoFOCI DBO",27,12,"Niskin; Sterivex 0.22µm filter","95% EtOH","Bering Sea","DBO1.9",30.6,1000,"Matt Galaska",NA,"2021/11/15 09:34:00","63.2783333333333",-173.281,"63.279666666666664","-173.281","2021/11/15 09:34:19","7.5877","93.93","330.465","31.7153","31.709",25.4287,25.4242,"0.2447","0.5573","0.5467",NA,"31.139"
"E1129.SKQ2021",1,1,FALSE,"SKQ2021","SKQ21 EcoFOCI DBO",27,18,"Niskin; Sterivex 0.22µm filter","95% EtOH","Bering Sea","DBO1.9",10.6,1000,"Matt Galaska",NA,"2021/11/15 09:34:00","63.2783333333333",-173.281,"63.279666666666664","-173.281","2021/11/15 09:34:19","7.6059","94.041","331.259","31.705","31.7011",25.4227,25.4196,"0.3158","0.5134","0.5118",NA,"10.526"
"E1130.SKQ2021",1,1,FALSE,"SKQ2021","SKQ21 EcoFOCI DBO",28,3,"Niskin; Sterivex 0.22µm filter","95% EtOH","Bering Sea","DBO1.10",45.5,1000,"Matt Galaska",NA,"2021/11/15 12:54:00","63.6048333333333",-172.593166666667,"63.60466666666667","-172.593","2021/11/15 12:53:28","5.4503","68.281","237.189","32.7157","32.7113",26.2235,26.22,"0.133","0.7493","0.7481",NA,"45.053"
"E1131.SKQ2021",1,1,FALSE,"SKQ2021","SKQ21 EcoFOCI DBO",28,9,"Niskin; Sterivex 0.22µm filter","95% EtOH","Bering Sea","DBO1.10",29.7,1000,"Matt Galaska",NA,"2021/11/15 12:54:00","63.6048333333333",-172.593166666667,"63.60466666666667","-172.593","2021/11/15 12:53:28","7.5215","93.618","327.501","32.0244","32.0212",25.6709,25.6683,"0.129","0.684","0.6838",NA,"30.148"
"E1132.SKQ2021",1,1,FALSE,"SKQ2021","SKQ21 EcoFOCI DBO",28,15,"Niskin; Sterivex 0.22µm filter","95% EtOH","Bering Sea","DBO1.10",10.5,1000,"Matt Galaska",NA,"2021/11/15 12:54:00","63.6048333333333",-172.593166666667,"63.60466666666667","-172.593","2021/11/15 12:53:28","7.586","94.224","330.355","31.8573","31.8551",25.5383,25.5366,"0.1903","0.6483","0.6458",NA,"10.279"
"E1133.SKQ2021",1,1,FALSE,"SKQ2021","SKQ21 EcoFOCI DBO",29,3,"Niskin; Sterivex 0.22µm filter","95% EtOH","Bering Sea","DBO2.1",42.6,1000,"Matt Galaska",NA,"2021/11/15 21:20:00","64.6701666666667",-169.9187,"64.67016666666666","-169.92033333333333","2021/11/15 21:21:25","6.6892","82.229","291.218","32.1774","32.1703",25.8203,25.8147,"0.2676","0.1656","0.1641",NA,"42.7"
"E1134.SKQ2021",1,1,FALSE,"SKQ2021","SKQ21 EcoFOCI DBO",29,6,"Niskin; Sterivex 0.22µm filter","95% EtOH","Bering Sea","DBO2.1",30.1,1000,"Matt Galaska",NA,"2021/11/15 21:20:00","64.6701666666667",-169.9187,"64.67016666666666","-169.92033333333333","2021/11/15 21:21:25","6.694","82.288","291.431","32.1747","32.1693",25.8182,25.8139,"0.3187","0.1657","0.1643",NA,"30.201"
"E1135.SKQ2021",1,1,FALSE,"SKQ2021","SKQ21 EcoFOCI DBO",29,12,"Niskin; Sterivex 0.22µm filter","95% EtOH","Bering Sea","DBO2.1",10.4,1000,"Matt Galaska",NA,"2021/11/15 21:20:00","64.6701666666667",-169.9187,"64.67016666666666","-169.92033333333333","2021/11/15 21:21:25","7.1196","86.102","309.989","32.0262","32.0219",25.7233,25.7197,"0.3359","-0.4152","-0.414",NA,"10.459"
"E1136.SKQ2021",1,1,FALSE,"SKQ2021","SKQ21 EcoFOCI DBO",30,3,"Niskin; Sterivex 0.22µm filter","95% EtOH","Bering Sea","DBO2.2",40.8,1000,"Matt Galaska",NA,"2021/11/16 00:44:00","64.68",-169.100666666667,"64.68033333333334","-169.10066666666665","2021/11/16 00:44:10","7.7829","93.435","338.818","32.1936","32.1859",25.8704,25.8642,"0.5285","-0.736","-0.7367",NA,"40.943"
"E1137.SKQ2021",1,1,FALSE,"SKQ2021","SKQ21 EcoFOCI DBO",30,6,"Niskin; Sterivex 0.22µm filter","95% EtOH","Bering Sea","DBO2.2",30.2,1000,"Matt Galaska",NA,"2021/11/16 00:44:00","64.68",-169.100666666667,"64.68033333333334","-169.10066666666665","2021/11/16 00:44:10","7.8383","93.486","341.245","32.1278","32.1219",25.8246,25.8199,"0.6127","-0.9638","-0.9647",NA,"30.198"
"E1138.SKQ2021",1,1,FALSE,"SKQ2021","SKQ21 EcoFOCI DBO",30,12,"Niskin; Sterivex 0.22µm filter","95% EtOH","Bering Sea","DBO2.2",10,1000,"Matt Galaska",NA,"2021/11/16 00:44:00","64.68",-169.100666666667,"64.68033333333334","-169.10066666666665","2021/11/16 00:44:10","7.8232","93.326","340.588","32.1302","32.1257",25.8263,25.8228,"0.5651","-0.9565","-0.9574",NA,"10.022"
"E1139.SKQ2021",1,1,FALSE,"SKQ2021","SKQ21 EcoFOCI DBO",32,3,"Niskin; Sterivex 0.22µm filter","95% EtOH","Bering Sea","DBO2.5",44.4,1000,"Matt Galaska",NA,"2021/11/16 07:03:00","64.9898333333333",-169.139833333333,"64.98983333333334","-169.14016666666666","2021/11/16 07:01:37","7.5705","91.607","329.589","32.1385","32.1288",25.8143,25.8066,"0.3783","-0.4231","-0.4245",NA,"44.387"
"E1140.SKQ2021",1,1,FALSE,"SKQ2021","SKQ21 EcoFOCI DBO",32,6,"Niskin; Sterivex 0.22µm filter","95% EtOH","Bering Sea","DBO2.5",30.5,1000,"Matt Galaska",NA,"2021/11/16 07:03:00","64.9898333333333",-169.139833333333,"64.98983333333334","-169.14016666666666","2021/11/16 07:01:37","7.6369","92.306","332.49","32.1072","32.1014",25.7904,25.7856,"0.3577","-0.4577","-0.4554",NA,"30.409"
"E1141.SKQ2021",1,1,FALSE,"SKQ2021","SKQ21 EcoFOCI DBO",32,12,"Niskin; Sterivex 0.22µm filter","95% EtOH","Bering Sea","DBO2.5",10.4,1000,"Matt Galaska",NA,"2021/11/16 07:03:00","64.9898333333333",-169.139833333333,"64.98983333333334","-169.14016666666666","2021/11/16 07:01:37","7.787","92.68","339.047","31.9925","31.987",25.7163,25.7119,"0.4167","-1.0062","-1.0068",NA,"10.457"
"E1142.SKQ2021",1,1,FALSE,"SKQ2021","SKQ21 EcoFOCI DBO",33,3,"Niskin; Sterivex 0.22µm filter","95% EtOH","Bering Sea","DBO2.4",44,1000,"Matt Galaska",NA,"2021/11/16 10:31:00","64.9588333333333",-169.880333333333,"64.9585","-169.88","2021/11/16 10:30:20","7.1146","85.311","309.818","31.8136","31.8071",25.561,25.5558,"0.3674","-0.6798","-0.681",NA,"44.181"
"E1143.SKQ2021",1,1,FALSE,"SKQ2021","SKQ21 EcoFOCI DBO",33,6,"Niskin; Sterivex 0.22µm filter","95% EtOH","Bering Sea","DBO2.4",30.4,1000,"Matt Galaska",NA,"2021/11/16 10:31:00","64.9588333333333",-169.880333333333,"64.9585","-169.88","2021/11/16 10:30:20","7.1602","85.804","311.811","31.7915","31.7868",25.5437,25.5399,"0.3932","-0.6973","-0.698",NA,"30.422"
"E1144.SKQ2021",1,1,FALSE,"SKQ2021","SKQ21 EcoFOCI DBO",33,12,"Niskin; Sterivex 0.22µm filter","95% EtOH","Bering Sea","DBO2.4",10.2,1000,"Matt Galaska",NA,"2021/11/16 10:31:00","64.9588333333333",-169.880333333333,"64.9585","-169.88","2021/11/16 10:30:20","7.2751","87.02","316.818","31.7609","31.7563",25.521,25.5174,"0.4396","-0.7583","-0.7604",NA,"10.269"
"E1145.SKQ2021",1,1,FALSE,"SKQ2021","SKQ21 EcoFOCI DBO",34,3,"Niskin; Sterivex 0.22µm filter","95% EtOH","Bering Sea","DBO2.3",33.7,1000,"Matt Galaska",NA,"2021/11/16 16:31:00","64.6698333333333",-168.235666666667,"64.66983333333333","-168.23583333333335","2021/11/16 16:33:52","7.5911","93.548","330.515","32.0655","32.0595",25.7241,25.7193,"0.4482","0.2905","0.2891",NA,"33.741"
"E1146.SKQ2021",1,1,FALSE,"SKQ2021","SKQ21 EcoFOCI DBO",34,9,"Niskin; Sterivex 0.22µm filter","95% EtOH","Bering Sea","DBO2.3",10.2,1000,"Matt Galaska",NA,"2021/11/16 16:31:00","64.6698333333333",-168.235666666667,"64.66983333333333","-168.23583333333335","2021/11/16 16:33:52","7.5916","93.547","330.541","32.0632","32.0586",25.7224,25.7187,"0.4172","0.2878","0.2871",NA,"10.198"
"END.NC.SKQ2021",1,1,TRUE,"SKQ2021","SKQ21 EcoFOCI DBO",NA,NA,"Sterivex 0.22µm filter","95% EtOH",NA,NA,NA,1000,"Matt Galaska",NA,"2021/11/16 00:00:00",NA,NA,NA,NA,NA,NA,NA,NA,NA,NA,NA,NA,NA,NA,NA,NA,NA
