"samp_name","assay_name","pcr_plate_id","lib_id","seq_run_id","lib_conc","lib_conc_unit","lib_conc_meth","phix_perc","mid_forward","mid_reverse","filename","filename2","checksum_filename","checksum_filename2","associatedSequences","input_read_count","output_read_count","output_otu_num","otu_num_tax_assigned"
"E78.WO920","ssu16sv4v5_parada_OSUmod","01_24_22-SetD","E78.WO920_Parada16S_osu1034","pmel_ome_osu1034","2","nM","Qubit Fluorometer","10","ACTCGCTA","TTATGCGA","E78.WO920_Parada16S_osu1034_R1.fastq.gz","E78.WO920_Parada16S_osu1034_R2.fastq.gz","2f0255da7dcb16f2c5393d8664fbf7ca","c10fab159b7a52bf82819e95400b9bbb","",54034,35400.0,1636.0,424.0
"E79.WO920","ssu16sv4v5_parada_OSUmod","01_24_22-SetD","E79.WO920_Parada16S_osu1034","pmel_ome_osu1034","2","nM","Qubit Fluorometer","10","GGAGCTAC","TCGACTAG","E79.WO920_Parada16S_osu1034_R1.fastq.gz","E79.WO920_Parada16S_osu1034_R2.fastq.gz","943e9533cef97881be2862b03f655cf6","b055a676ffac31061bbab0f5c1e2080b","",49275,27996.0,1537.0,422.0
"E80.WO920","ssu16sv4v5_parada_OSUmod","01_24_22-SetD","E80.WO920_Parada16S_osu1034","pmel_ome_osu1034","2","nM","Qubit Fluorometer","10","ACTCGCTA","CTATTAAG","E80.WO920_Parada16S_osu1034_R1.fastq.gz","E80.WO920_Parada16S_osu1034_R2.fastq.gz","68ddacdd5f3a1e43e37473c2a1af07f8","5c21f054b9c30b35230d315a31d1e1ac","",65307,41924.0,1651.0,445.0
"E81.WO920","ssu16sv4v5_parada_OSUmod","01_24_22-SetD","E81.WO920_Parada16S_osu1034","pmel_ome_osu1034","2","nM","Qubit Fluorometer","10","GCGTAGTA","TTATGCGA","E81.WO920_Parada16S_osu1034_R1.fastq.gz","E81.WO920_Parada16S_osu1034_R2.fastq.gz","6218ffcff9dc13694786a1c499a1f1a1","afad381b98a6f1b3b82ffacc8ce90dc0","",42833,26085.0,1425.0,403.0
"E85.WO920","ssu16sv4v5_parada_OSUmod","01_24_22-SetD","E85.WO920_Parada16S_osu1034","pmel_ome_osu1034","2","nM","Qubit Fluorometer","10","GGAGCTAC","CCTAGAGT","E85.WO920_Parada16S_osu1034_R1.fastq.gz","E85.WO920_Parada16S_osu1034_R2.fastq.gz","71f1b3baeee2e99b48cb8d021a13a769","4844fcf6a71e5017cee9f774d331d5ae","",25648,15597.0,1472.0,420.0
"E86.WO920","ssu16sv4v5_parada_OSUmod","01_24_22-SetD","E86.WO920_Parada16S_osu1034","pmel_ome_osu1034","2","nM","Qubit Fluorometer","10","ACTCGCTA","AAGGCTAT","E86.WO920_Parada16S_osu1034_R1.fastq.gz","E86.WO920_Parada16S_osu1034_R2.fastq.gz","e511d1c7a2b47c5e44060807d56e76f8","1fac6105de3f96d2782388213bad9ec9","",64195,40021.0,1992.0,516.0
"E87.WO920","ssu16sv4v5_parada_OSUmod","01_24_22-SetD","E87.WO920_Parada16S_osu1034","pmel_ome_osu1034","2","nM","Qubit Fluorometer","10","GGAGCTAC","TTCTAGCT","E87.WO920_Parada16S_osu1034_R1.fastq.gz","E87.WO920_Parada16S_osu1034_R2.fastq.gz","07e85ae6843be21b4b8f5c6ea639428a","91d9aa47c11310bf7ac47ca4aa733cd7","",34833,17969.0,1017.0,320.0
"E88.WO920","ssu16sv4v5_parada_OSUmod","01_24_22-SetD","E88.WO920_Parada16S_osu1034","pmel_ome_osu1034","2","nM","Qubit Fluorometer","10","GGAGCTAC","AAGGCTAT","E88.WO920_Parada16S_osu1034_R1.fastq.gz","E88.WO920_Parada16S_osu1034_R2.fastq.gz","83a2e7d62961a90bfe7ca1404652a433","9a9d7cf189d2b92ef2c5dc68c82b6266","",51999,28421.0,950.0,327.0
"E89.WO920","ssu16sv4v5_parada_OSUmod","01_24_22-SetD","E89.WO920_Parada16S_osu1034","pmel_ome_osu1034","2","nM","Qubit Fluorometer","10","GCGTAGTA","GAGCCTTA","E89.WO920_Parada16S_osu1034_R1.fastq.gz","E89.WO920_Parada16S_osu1034_R2.fastq.gz","8011d726ded0da0ec34466cda9570062","2337dd65d27f9714f6c98577afe3c290","",49871,26925.0,1738.0,467.0
"E91.WO920","ssu16sv4v5_parada_OSUmod","01_24_22-SetD","E91.WO920_Parada16S_osu1034","pmel_ome_osu1034","2","nM","Qubit Fluorometer","10","GCGTAGTA","GCGTAAGA","E91.WO920_Parada16S_osu1034_R1.fastq.gz","E91.WO920_Parada16S_osu1034_R2.fastq.gz","67b0fb8ed62efeeeede146de5353c300","9d8a2c5de9d96a14d92d78c0c529f54d","",36323,21051.0,1323.0,398.0
"E93.WO920","ssu16sv4v5_parada_OSUmod","01_24_22-SetD","E93.WO920_Parada16S_osu1034","pmel_ome_osu1034","2","nM","Qubit Fluorometer","10","ACTCGCTA","GAGCCTTA","E93.WO920_Parada16S_osu1034_R1.fastq.gz","E93.WO920_Parada16S_osu1034_R2.fastq.gz","2083af43b9eac7b7323825a88833cd11","aa7c66c067db940a918a3d2efdd2f262","",61385,33541.0,1644.0,473.0
"E94.WO920","ssu16sv4v5_parada_OSUmod","01_24_22-SetD","E94.WO920_Parada16S_osu1034","pmel_ome_osu1034","2","nM","Qubit Fluorometer","10","ACTCGCTA","GCGTAAGA","E94.WO920_Parada16S_osu1034_R1.fastq.gz","E94.WO920_Parada16S_osu1034_R2.fastq.gz","7c60c3e2e017aa873c8c431e791307be","5f3c93c147ca070a2b599985185cea4d","",48142,27040.0,1479.0,419.0
"E96.WO920","ssu16sv4v5_parada_OSUmod","01_24_22-SetD","E96.WO920_Parada16S_osu1034","pmel_ome_osu1034","2","nM","Qubit Fluorometer","10","GGAGCTAC","GAGCCTTA","E96.WO920_Parada16S_osu1034_R1.fastq.gz","E96.WO920_Parada16S_osu1034_R2.fastq.gz","79e0999b27003da0744daa00e7ac4a82","c83d1ff4dee1b9cda3b3258f7db54d9c","",36072,22306.0,1197.0,373.0
"E99.WO920","ssu16sv4v5_parada_OSUmod","01_24_22-SetD","E99.WO920_Parada16S_osu1034","pmel_ome_osu1034","2","nM","Qubit Fluorometer","10","ACTCGCTA","TCGACTAG","E99.WO920_Parada16S_osu1034_R1.fastq.gz","E99.WO920_Parada16S_osu1034_R2.fastq.gz","deef7d5600dc09eb5e1b16b31829f4b0","5f8e16ea04c338ee4ea5438f06d6bf69","",81566,55520.0,1863.0,463.0
"E101.WO920","ssu16sv4v5_parada_OSUmod","01_24_22-SetD","E101.WO920_Parada16S_osu1034","pmel_ome_osu1034","2","nM","Qubit Fluorometer","10","GCGTAGTA","CCTAGAGT","E101.WO920_Parada16S_osu1034_R1.fastq.gz","E101.WO920_Parada16S_osu1034_R2.fastq.gz","5070b259942a3dd92f327c2a42e38cb2","27618caeaa927a04bd651e9f4ef330d0","",65490,40303.0,937.0,310.0
"E102.WO920","ssu16sv4v5_parada_OSUmod","01_24_22-SetD","E102.WO920_Parada16S_osu1034","pmel_ome_osu1034","2","nM","Qubit Fluorometer","10","GCGTAGTA","TTCTAGCT","E102.WO920_Parada16S_osu1034_R1.fastq.gz","E102.WO920_Parada16S_osu1034_R2.fastq.gz","f8d15523889259dd60a746e102f6d1e6","82b424ad810d8b91d3842fc87b3ee3f1","",47628,30821.0,1818.0,461.0
"E105.WO920","ssu16sv4v5_parada_OSUmod","01_24_22-SetD","E105.WO920_Parada16S_osu1034","pmel_ome_osu1034","2","nM","Qubit Fluorometer","10","GCGTAGTA","TCGACTAG","E105.WO920_Parada16S_osu1034_R1.fastq.gz","E105.WO920_Parada16S_osu1034_R2.fastq.gz","a5f0078448240a0fc4622ed7ad38db25","cb9d662e19652b3ed2f1a955434c762c","",54304,31768.0,1491.0,401.0
"E106.WO920","ssu16sv4v5_parada_OSUmod","01_24_22-SetD","E106.WO920_Parada16S_osu1034","pmel_ome_osu1034","2","nM","Qubit Fluorometer","10","CGGAGCCT","TCGACTAG","E106.WO920_Parada16S_osu1034_R1.fastq.gz","E106.WO920_Parada16S_osu1034_R2.fastq.gz","993918902371d6097aad0cb40b584b6f","5674eba19c8ffe3a56270a5b93af2cad","",65087,41089.0,1140.0,352.0
"E108.WO920","ssu16sv4v5_parada_OSUmod","01_24_22-SetD","E108.WO920_Parada16S_osu1034","pmel_ome_osu1034","2","nM","Qubit Fluorometer","10","ACTCGCTA","CCTAGAGT","E108.WO920_Parada16S_osu1034_R1.fastq.gz","E108.WO920_Parada16S_osu1034_R2.fastq.gz","62eece6c49345539baf5789530b693aa","1a418872af0a127749255e0595dc6119","",59868,37500.0,1689.0,495.0
"E110.WO920","ssu16sv4v5_parada_OSUmod","01_24_22-SetD","E110.WO920_Parada16S_osu1034","pmel_ome_osu1034","2","nM","Qubit Fluorometer","10","GGAGCTAC","TTATGCGA","E110.WO920_Parada16S_osu1034_R1.fastq.gz","E110.WO920_Parada16S_osu1034_R2.fastq.gz","a0d2df39a0fc0c3b06950c5f6d62dddf","c02a1ffcddd4200c4c737174caa144c1","",47143,25234.0,1017.0,351.0
"E111.WO920","ssu16sv4v5_parada_OSUmod","01_24_22-SetD","E111.WO920_Parada16S_osu1034","pmel_ome_osu1034","2","nM","Qubit Fluorometer","10","GGAGCTAC","GCGTAAGA","E111.WO920_Parada16S_osu1034_R1.fastq.gz","E111.WO920_Parada16S_osu1034_R2.fastq.gz","acdcfeb156167051c3e56352b3529d72","1607774e2a80068fc5df111cdb948759","",22281,12103.0,1178.0,365.0
"E112.WO920","ssu16sv4v5_parada_OSUmod","01_24_22-SetD","E112.WO920_Parada16S_osu1034","pmel_ome_osu1034","2","nM","Qubit Fluorometer","10","ACTCGCTA","TTCTAGCT","E112.WO920_Parada16S_osu1034_R1.fastq.gz","E112.WO920_Parada16S_osu1034_R2.fastq.gz","308f12539eb8e85e1bb4173be1d6e606","326fe3dd1f58ff0be09ea6062ba9f2a8","",52931,28781.0,1585.0,455.0
"E113.WO920","ssu16sv4v5_parada_OSUmod","01_24_22-SetD","E113.WO920_Parada16S_osu1034","pmel_ome_osu1034","2","nM","Qubit Fluorometer","10","GCGTAGTA","AAGGCTAT","E113.WO920_Parada16S_osu1034_R1.fastq.gz","E113.WO920_Parada16S_osu1034_R2.fastq.gz","b3d1b877d6030395973162bcae973557","4bc42aa7694b165e8eb1a9a098ca7f83","",59706,31741.0,1394.0,397.0
"E118.WO920","ssu16sv4v5_parada_OSUmod","01_24_22-SetD","E118.WO920_Parada16S_osu1034","pmel_ome_osu1034","2","nM","Qubit Fluorometer","10","CGGAGCCT","CCTAGAGT","E118.WO920_Parada16S_osu1034_R1.fastq.gz","E118.WO920_Parada16S_osu1034_R2.fastq.gz","707a9a0764f059f82c5ed7d18d59a15e","2c2677646c07330c0a109385215d06f5","",20674,10726.0,841.0,280.0
"E119.WO920","ssu16sv4v5_parada_OSUmod","01_24_22-SetD","E119.WO920_Parada16S_osu1034","pmel_ome_osu1034","2","nM","Qubit Fluorometer","10","GCGTAGTA","CTATTAAG","E119.WO920_Parada16S_osu1034_R1.fastq.gz","E119.WO920_Parada16S_osu1034_R2.fastq.gz","46e16db64ec583f85b34ede04d3357f1","ff282abcf2763875241852cfe236e87f","",44310,24357.0,890.0,319.0
"E121.NC.WO920","ssu16sv4v5_parada_OSUmod","01_24_22-SetD","E121.NC.WO920_Parada16S_osu1034","pmel_ome_osu1034","2","nM","Qubit Fluorometer","10","CGGAGCCT","TTCTAGCT","E121.NC.WO920_Parada16S_osu1034_R1.fastq.gz","E121.NC.WO920_Parada16S_osu1034_R2.fastq.gz","2cf9a8d8226b6adeaab1ed53ae9b7466","acb2cb724fe257331591c4d7a7c84989","",968,576.0,156.0,83.0
"E123.NC.WO920","ssu16sv4v5_parada_OSUmod","01_24_22-SetD","E123.NC.WO920_Parada16S_osu1034","pmel_ome_osu1034","2","nM","Qubit Fluorometer","10","CGGAGCCT","GCGTAAGA","E123.NC.WO920_Parada16S_osu1034_R1.fastq.gz","E123.NC.WO920_Parada16S_osu1034_R2.fastq.gz","51dd5162a66deb512f6c18e279cf09ca","7d07afb857fa4833ac492dd816a945d1","",22946,17814.0,25.0,17.0
"E124.NC.WO920","ssu16sv4v5_parada_OSUmod","01_24_22-SetD","E124.NC.WO920_Parada16S_osu1034","pmel_ome_osu1034","2","nM","Qubit Fluorometer","10","GGAGCTAC","CTATTAAG","E124.NC.WO920_Parada16S_osu1034_R1.fastq.gz","E124.NC.WO920_Parada16S_osu1034_R2.fastq.gz","96cd5ae761562718c69c77787e95bdc9","b93de89df5c9fc35ad65dd3c84046a07","",1312,414.0,154.0,73.0
"osu1034.Parada16S.POSITIVE.Camel","ssu16sv4v5_parada_OSUmod","01_24_22-SetC","osu1034.Parada16S.POSITIVE.Camel_Parada16S_osu1034","pmel_ome_osu1034","2","nM","Qubit Fluorometer","10","ATCTCAGG","GAGCCTTA","osu1034.Parada16S.POSITIVE.Camel_Parada16S_osu1034_R1.fastq.gz","osu1034.Parada16S.POSITIVE.Camel_Parada16S_osu1034_R2.fastq.gz","4c5370644e0d5bd08f017fdc1a8b1a4d","3ce473b5bd5b2f2429d688f0a1a001f9","",126358,96993.0,35.0,22.0
"osu1034.Parada16S.POSITIVE.Ferret","ssu16sv4v5_parada_OSUmod","01_24_22-SetC","osu1034.Parada16S.POSITIVE.Ferret_Parada16S_osu1034","pmel_ome_osu1034","2","nM","Qubit Fluorometer","10","ATCTCAGG","TTATGCGA","osu1034.Parada16S.POSITIVE.Ferret_Parada16S_osu1034_R1.fastq.gz","osu1034.Parada16S.POSITIVE.Ferret_Parada16S_osu1034_R2.fastq.gz","043c06f0840f6dc6a955d2cd288b532b","31517107c263923e068514da0b72b0e7","",121694,103540.0,30.0,19.0
"E235.1B.NO20-01","ssu16sv4v5_parada_OSUmod","01_24_22-SetA","E235.1B.NO20-01_Parada16S_osu1034","pmel_ome_osu1034","2","nM","Qubit Fluorometer","10","GTAGAGGA","CGTCTAAT","E235.1B.NO20-01_Parada16S_osu1034_R1.fastq.gz","E235.1B.NO20-01_Parada16S_osu1034_R2.fastq.gz","77e657ccb7e76045c8dff2606cda4e0e","ca4a6e2f0e70830c757adf4e4a06d314","https://www.ncbi.nlm.nih.gov/biosample/SAMN35688315",33539,21996.0,1074.0,337.0
"E235.2B.NO20-01","ssu16sv4v5_parada_OSUmod","01_24_22-SetA","E235.2B.NO20-01_Parada16S_osu1034","pmel_ome_osu1034","2","nM","Qubit Fluorometer","10","AAGAGGCA","CTAAGCCT","E235.2B.NO20-01_Parada16S_osu1034_R1.fastq.gz","E235.2B.NO20-01_Parada16S_osu1034_R2.fastq.gz","9257320c7c6579a45e14994daceab7df","ab3544fccbc39e478be8f00facf745a5","",23814,16947.0,850.0,296.0
"E235.3B.NO20-01","ssu16sv4v5_parada_OSUmod","01_24_22-SetA","E235.3B.NO20-01_Parada16S_osu1034","pmel_ome_osu1034","2","nM","Qubit Fluorometer","10","CGAGGCTG","CTCTCTAT","E235.3B.NO20-01_Parada16S_osu1034_R1.fastq.gz","E235.3B.NO20-01_Parada16S_osu1034_R2.fastq.gz","7e77b5b0c93918db711adb82318af57a","22708b0557cc7fd8880abfd224f342c6","",25844,18325.0,898.0,309.0
"E236.1B.NO20-01","ssu16sv4v5_parada_OSUmod","01_24_22-SetA","E236.1B.NO20-01_Parada16S_osu1034","pmel_ome_osu1034","2","nM","Qubit Fluorometer","10","AAGAGGCA","CGTCTAAT","E236.1B.NO20-01_Parada16S_osu1034_R1.fastq.gz","E236.1B.NO20-01_Parada16S_osu1034_R2.fastq.gz","7f3996a4999ecbb99beebf16946b4e3a","d9133ff9612310358f3fb24ba677810c","https://www.ncbi.nlm.nih.gov/biosample/SAMN35688273",27501,18246.0,473.0,185.0
"E236.2B.NO20-01","ssu16sv4v5_parada_OSUmod","01_24_22-SetA","E236.2B.NO20-01_Parada16S_osu1034","pmel_ome_osu1034","2","nM","Qubit Fluorometer","10","AAGAGGCA","CTCTCTAT","E236.2B.NO20-01_Parada16S_osu1034_R1.fastq.gz","E236.2B.NO20-01_Parada16S_osu1034_R2.fastq.gz","2fc27992d5c2b10ff77e8fcdea56ee38","959d4fdd3d741299208842034a6232f9","",33139,22525.0,365.0,154.0
"E236.3B.NO20-01","ssu16sv4v5_parada_OSUmod","01_24_22-SetA","E236.3B.NO20-01_Parada16S_osu1034","pmel_ome_osu1034","2","nM","Qubit Fluorometer","10","GTAGAGGA","AAGGAGTA","E236.3B.NO20-01_Parada16S_osu1034_R1.fastq.gz","E236.3B.NO20-01_Parada16S_osu1034_R2.fastq.gz","6ce09f36abb7a0d5f32c4340a0e32ab2","785a08ce8931c321718072a4d820450d","",30034,19335.0,354.0,148.0
"E243.1B.NO20-01","ssu16sv4v5_parada_OSUmod","01_24_22-SetA","E243.1B.NO20-01_Parada16S_osu1034","pmel_ome_osu1034","2","nM","Qubit Fluorometer","10","CTCTCTAC","CTAAGCCT","E243.1B.NO20-01_Parada16S_osu1034_R1.fastq.gz","E243.1B.NO20-01_Parada16S_osu1034_R2.fastq.gz","898ce4f36c67f8d3c1e6f18636fea04e","acaf864a76c1f48500d05d6dc991a69c","https://www.ncbi.nlm.nih.gov/biosample/SAMN35688325",34697,23904.0,1252.0,374.0
"E243.2B.NO20-01","ssu16sv4v5_parada_OSUmod","01_24_22-SetA","E243.2B.NO20-01_Parada16S_osu1034","pmel_ome_osu1034","2","nM","Qubit Fluorometer","10","TAGGCATG","CGTCTAAT","E243.2B.NO20-01_Parada16S_osu1034_R1.fastq.gz","E243.2B.NO20-01_Parada16S_osu1034_R2.fastq.gz","c410ee6530816663888de32bb90c009d","78ba08e60b34b0a0888ebc1f9c34d4a5","",30335,20708.0,1022.0,322.0
"E244.1B.NO20-01","ssu16sv4v5_parada_OSUmod","01_24_22-SetA","E244.1B.NO20-01_Parada16S_osu1034","pmel_ome_osu1034","2","nM","Qubit Fluorometer","10","CTCTCTAC","CTCTCTAT","E244.1B.NO20-01_Parada16S_osu1034_R1.fastq.gz","E244.1B.NO20-01_Parada16S_osu1034_R2.fastq.gz","472dd5ffdc2e6897db22a8e41091410c","695977349a4198c911ce39514eeb15aa","https://www.ncbi.nlm.nih.gov/biosample/SAMN37344903",52938,38102.0,609.0,209.0
"E244.2B.NO20-01","ssu16sv4v5_parada_OSUmod","01_24_22-SetA","E244.2B.NO20-01_Parada16S_osu1034","pmel_ome_osu1034","2","nM","Qubit Fluorometer","10","CTCTCTAC","ACTGCATA","E244.2B.NO20-01_Parada16S_osu1034_R1.fastq.gz","E244.2B.NO20-01_Parada16S_osu1034_R2.fastq.gz","af234c26d2f24cdb513dfb3e1190d3d0","ab7c0751775efa58b0f2ecb30231add1","https://www.ncbi.nlm.nih.gov/biosample/SAMN35688283",40108,28061.0,598.0,206.0
"E245.1B.NO20-01","ssu16sv4v5_parada_OSUmod","01_24_22-SetA","E245.1B.NO20-01_Parada16S_osu1034","pmel_ome_osu1034","2","nM","Qubit Fluorometer","10","GGACTCCT","TCTCTCCG","E245.1B.NO20-01_Parada16S_osu1034_R1.fastq.gz","E245.1B.NO20-01_Parada16S_osu1034_R2.fastq.gz","a4bbf630b5468e9a222d9f9b4c82d390","e36986b5cc46e040a00ba1aed4494c9f","https://www.ncbi.nlm.nih.gov/biosample/SAMN35688324",29088,19177.0,932.0,305.0
"E245.2B.NO20-01","ssu16sv4v5_parada_OSUmod","01_24_22-SetA","E245.2B.NO20-01_Parada16S_osu1034","pmel_ome_osu1034","2","nM","Qubit Fluorometer","10","GGACTCCT","GTAAGGAG","E245.2B.NO20-01_Parada16S_osu1034_R1.fastq.gz","E245.2B.NO20-01_Parada16S_osu1034_R2.fastq.gz","206d5bbc991fe5e8e69ef9eb0c5be1f9","9af2591e5511dc28b0ac5cd70fef4957","",32683,19919.0,974.0,312.0
"E246.1B.NO20-01","ssu16sv4v5_parada_OSUmod","01_24_22-SetA","E246.1B.NO20-01_Parada16S_osu1034","pmel_ome_osu1034","2","nM","Qubit Fluorometer","10","TAGGCATG","CTAAGCCT","E246.1B.NO20-01_Parada16S_osu1034_R1.fastq.gz","E246.1B.NO20-01_Parada16S_osu1034_R2.fastq.gz","b301a3f39791ae67bc5e5bfd494d264b","daf3821c60e6a76c12b9d0a890d73d0d","https://www.ncbi.nlm.nih.gov/biosample/SAMN35688282",29227,20868.0,543.0,199.0
"E246.2B.NO20-01","ssu16sv4v5_parada_OSUmod","01_24_22-SetA","E246.2B.NO20-01_Parada16S_osu1034","pmel_ome_osu1034","2","nM","Qubit Fluorometer","10","CTCTCTAC","AAGGAGTA","E246.2B.NO20-01_Parada16S_osu1034_R1.fastq.gz","E246.2B.NO20-01_Parada16S_osu1034_R2.fastq.gz","98567999c2bcd8cc778e27cf5e93658d","b99d9c9ab860912b01f06d3f5939e544","",35451,25226.0,531.0,189.0
"E247.1B.NO20-01","ssu16sv4v5_parada_OSUmod","01_24_22-SetA","E247.1B.NO20-01_Parada16S_osu1034","pmel_ome_osu1034","2","nM","Qubit Fluorometer","10","GGACTCCT","CTCTCTAT","E247.1B.NO20-01_Parada16S_osu1034_R1.fastq.gz","E247.1B.NO20-01_Parada16S_osu1034_R2.fastq.gz","cb6c5932e6aab7427b5279f2582d8f19","85d8a02253780cdfedf2017f456737e4","https://www.ncbi.nlm.nih.gov/biosample/SAMN35688322",28543,19508.0,1072.0,332.0
"E247.2B.NO20-01","ssu16sv4v5_parada_OSUmod","01_24_22-SetA","E247.2B.NO20-01_Parada16S_osu1034","pmel_ome_osu1034","2","nM","Qubit Fluorometer","10","CTCTCTAC","CGTCTAAT","E247.2B.NO20-01_Parada16S_osu1034_R1.fastq.gz","E247.2B.NO20-01_Parada16S_osu1034_R2.fastq.gz","72db88a981119aafb4e6df24bce398e9","dcd4461b918bf51253bfe1dcb4c62bb3","",31715,21187.0,1076.0,342.0
"E248.1B.NO20-01","ssu16sv4v5_parada_OSUmod","01_24_22-SetA","E248.1B.NO20-01_Parada16S_osu1034","pmel_ome_osu1034","2","nM","Qubit Fluorometer","10","GGACTCCT","TATCCTCT","E248.1B.NO20-01_Parada16S_osu1034_R1.fastq.gz","E248.1B.NO20-01_Parada16S_osu1034_R2.fastq.gz","edbc1db8c05451d405a2c049ad6d9477","ecf1a6e20c243f3cfa6a782f6a014717","https://www.ncbi.nlm.nih.gov/biosample/SAMN37344904",30755,21715.0,626.0,215.0
"E248.2B.NO20-01","ssu16sv4v5_parada_OSUmod","01_24_22-SetA","E248.2B.NO20-01_Parada16S_osu1034","pmel_ome_osu1034","2","nM","Qubit Fluorometer","10","TAGGCATG","CTCTCTAT","E248.2B.NO20-01_Parada16S_osu1034_R1.fastq.gz","E248.2B.NO20-01_Parada16S_osu1034_R2.fastq.gz","96e1b5dfba7d075f8b2e2342408e25ec","ce7c5d1b1e4b5aa818ce41e5cfb721f3","https://www.ncbi.nlm.nih.gov/biosample/SAMN35688280",33019,23630.0,592.0,202.0
"E251.1B.NO20-01","ssu16sv4v5_parada_OSUmod","01_24_22-SetA","E251.1B.NO20-01_Parada16S_osu1034","pmel_ome_osu1034","2","nM","Qubit Fluorometer","10","GGACTCCT","CGTCTAAT","E251.1B.NO20-01_Parada16S_osu1034_R1.fastq.gz","E251.1B.NO20-01_Parada16S_osu1034_R2.fastq.gz","760fce1a1679eb364fbdfc0a08aa4ec5","5654885296560eac2714c4f82223da87","https://www.ncbi.nlm.nih.gov/biosample/SAMN35688320",25115,17971.0,928.0,290.0
"E251.2B.NO20-01","ssu16sv4v5_parada_OSUmod","01_24_22-SetA","E251.2B.NO20-01_Parada16S_osu1034","pmel_ome_osu1034","2","nM","Qubit Fluorometer","10","CTCTCTAC","TATCCTCT","E251.2B.NO20-01_Parada16S_osu1034_R1.fastq.gz","E251.2B.NO20-01_Parada16S_osu1034_R2.fastq.gz","5373738adddcd4efde24c8c6321743f2","804d3f28b76aab495b269db06506589f","",43447,29865.0,1056.0,325.0
"E252.2B.NO20-01","ssu16sv4v5_parada_OSUmod","01_24_22-SetA","E252.2B.NO20-01_Parada16S_osu1034","pmel_ome_osu1034","2","nM","Qubit Fluorometer","10","TAGGCATG","ACTGCATA","E252.2B.NO20-01_Parada16S_osu1034_R1.fastq.gz","E252.2B.NO20-01_Parada16S_osu1034_R2.fastq.gz","2cfb22359cf1b88b35835e2f87724f81","091bed531764217683cdf224f47d6b6b","https://www.ncbi.nlm.nih.gov/biosample/SAMN35688278",21429,14121.0,457.0,174.0
"E253.NO20-01","ssu16sv4v5_parada_OSUmod","01_24_22-SetA","E253.NO20-01_Parada16S_osu1034","pmel_ome_osu1034","2","nM","Qubit Fluorometer","10","TAGGCATG","TCTCTCCG","E253.NO20-01_Parada16S_osu1034_R1.fastq.gz","E253.NO20-01_Parada16S_osu1034_R2.fastq.gz","1772a257e5aaa9ff042bd49b5a2084fd","dedaff3b50423b4a559836fa9c4c3711","https://www.ncbi.nlm.nih.gov/biosample/SAMN35688319",23794,15992.0,796.0,270.0
"E254.NO20-01","ssu16sv4v5_parada_OSUmod","01_24_22-SetA","E254.NO20-01_Parada16S_osu1034","pmel_ome_osu1034","2","nM","Qubit Fluorometer","10","CTCTCTAC","GTAAGGAG","E254.NO20-01_Parada16S_osu1034_R1.fastq.gz","E254.NO20-01_Parada16S_osu1034_R2.fastq.gz","9fbe17df04953e80f62a666ce7e6c984","1948b7d1300473a506e866534e8db0c9","https://www.ncbi.nlm.nih.gov/biosample/SAMN35688277",44534,30271.0,553.0,196.0
"E255.1B.NO20-01","ssu16sv4v5_parada_OSUmod","01_24_22-SetA","E255.1B.NO20-01_Parada16S_osu1034","pmel_ome_osu1034","2","nM","Qubit Fluorometer","10","GGACTCCT","ACTGCATA","E255.1B.NO20-01_Parada16S_osu1034_R1.fastq.gz","E255.1B.NO20-01_Parada16S_osu1034_R2.fastq.gz","aa6467aaa15770d333d270b6d1adcc3f","7563f00b6332431604958525cb27e3bc","https://www.ncbi.nlm.nih.gov/biosample/SAMN35688318",34768,24572.0,1089.0,343.0
"E255.2B.NO20-01","ssu16sv4v5_parada_OSUmod","01_24_22-SetA","E255.2B.NO20-01_Parada16S_osu1034","pmel_ome_osu1034","2","nM","Qubit Fluorometer","10","TAGGCATG","GTAAGGAG","E255.2B.NO20-01_Parada16S_osu1034_R1.fastq.gz","E255.2B.NO20-01_Parada16S_osu1034_R2.fastq.gz","e78ad73d5b9a0076a0eac747d9941026","86c368e8fb85538641f171ad8fa3aa99","",32540,21878.0,920.0,294.0
"E256.1B.NO20-01","ssu16sv4v5_parada_OSUmod","01_24_22-SetA","E256.1B.NO20-01_Parada16S_osu1034","pmel_ome_osu1034","2","nM","Qubit Fluorometer","10","TCCTGAGC","TCTCTCCG","E256.1B.NO20-01_Parada16S_osu1034_R1.fastq.gz","E256.1B.NO20-01_Parada16S_osu1034_R2.fastq.gz","ed5785761c35968deb02c2b8a42979b1","eb0a0a42c45c9bb42b9baa30559cc37f","https://www.ncbi.nlm.nih.gov/biosample/SAMN35688276",30726,19292.0,944.0,316.0
"E256.2B.NO20-01","ssu16sv4v5_parada_OSUmod","01_24_22-SetA","E256.2B.NO20-01_Parada16S_osu1034","pmel_ome_osu1034","2","nM","Qubit Fluorometer","10","TAGGCATG","AAGGAGTA","E256.2B.NO20-01_Parada16S_osu1034_R1.fastq.gz","E256.2B.NO20-01_Parada16S_osu1034_R2.fastq.gz","0992360df37aebc043c54f4c4a14a2c0","9803438d7e699ea3006df40c7ffe6263","",26476,17365.0,849.0,294.0
"E257.1B.NO20-01","ssu16sv4v5_parada_OSUmod","01_24_22-SetA","E257.1B.NO20-01_Parada16S_osu1034","pmel_ome_osu1034","2","nM","Qubit Fluorometer","10","CGTACTAG","CTCTCTAT","E257.1B.NO20-01_Parada16S_osu1034_R1.fastq.gz","E257.1B.NO20-01_Parada16S_osu1034_R2.fastq.gz","918301d19c9995770660cbb436b9ee90","5112e505df95b1d94833b37470d02b0c","https://www.ncbi.nlm.nih.gov/biosample/SAMN35688310",27718,17997.0,1103.0,331.0
"E257.2B.NO20-01","ssu16sv4v5_parada_OSUmod","01_24_22-SetA","E257.2B.NO20-01_Parada16S_osu1034","pmel_ome_osu1034","2","nM","Qubit Fluorometer","10","CGTACTAG","TATCCTCT","E257.2B.NO20-01_Parada16S_osu1034_R1.fastq.gz","E257.2B.NO20-01_Parada16S_osu1034_R2.fastq.gz","51b4b92e4c44c2dae0f4f44bc0f0ba68","7736cedc3556995d5b444f83b578de1b","",34355,22280.0,1277.0,400.0
"E258.1B.NO20-01","ssu16sv4v5_parada_OSUmod","01_24_22-SetA","E258.1B.NO20-01_Parada16S_osu1034","pmel_ome_osu1034","2","nM","Qubit Fluorometer","10","AGGCAGAA","GTAAGGAG","E258.1B.NO20-01_Parada16S_osu1034_R1.fastq.gz","E258.1B.NO20-01_Parada16S_osu1034_R2.fastq.gz","966c15fc47e9ac22066bfd33971203fc","62534fb5329cbc5b4824502e512cc130","https://www.ncbi.nlm.nih.gov/biosample/SAMN37344905",42262,21428.0,770.0,244.0
"E258.2B.NO20-01","ssu16sv4v5_parada_OSUmod","01_24_22-SetA","E258.2B.NO20-01_Parada16S_osu1034","pmel_ome_osu1034","2","nM","Qubit Fluorometer","10","CGTACTAG","GTAAGGAG","E258.2B.NO20-01_Parada16S_osu1034_R1.fastq.gz","E258.2B.NO20-01_Parada16S_osu1034_R2.fastq.gz","8a1e41e7ca8f0b0987f04f4038851396","ff50f6c198fa46e4bbfaa2a512e36976","https://www.ncbi.nlm.nih.gov/biosample/SAMN35688268",33087,21362.0,684.0,211.0
"E259.1B.NO20-01","ssu16sv4v5_parada_OSUmod","01_24_22-SetA","E259.1B.NO20-01_Parada16S_osu1034","pmel_ome_osu1034","2","nM","Qubit Fluorometer","10","TCCTGAGC","CTAAGCCT","E259.1B.NO20-01_Parada16S_osu1034_R1.fastq.gz","E259.1B.NO20-01_Parada16S_osu1034_R2.fastq.gz","15b16fbee137765ea1bd08858238301a","72f2032e227ece155e674650e0ff0556","https://www.ncbi.nlm.nih.gov/biosample/SAMN35688308",32905,23245.0,1480.0,408.0
"E259.2B.NO20-01","ssu16sv4v5_parada_OSUmod","01_24_22-SetA","E259.2B.NO20-01_Parada16S_osu1034","pmel_ome_osu1034","2","nM","Qubit Fluorometer","10","AGGCAGAA","AAGGAGTA","E259.2B.NO20-01_Parada16S_osu1034_R1.fastq.gz","E259.2B.NO20-01_Parada16S_osu1034_R2.fastq.gz","f52985b1a64647167bdb98ce05053944","eeb1a769c06de2ea50f0e7eb1cb5bc77","",37679,22967.0,1486.0,412.0
"E260.1B.NO20-01","ssu16sv4v5_parada_OSUmod","01_24_22-SetA","E260.1B.NO20-01_Parada16S_osu1034","pmel_ome_osu1034","2","nM","Qubit Fluorometer","10","CGTACTAG","CGTCTAAT","E260.1B.NO20-01_Parada16S_osu1034_R1.fastq.gz","E260.1B.NO20-01_Parada16S_osu1034_R2.fastq.gz","301520a9c0a1507ecba2be33a243a4b8","b88990282ec73ba0b984f10274bfd677","https://www.ncbi.nlm.nih.gov/biosample/SAMN37344906",28313,15252.0,578.0,169.0
"E260.2B.NO20-01","ssu16sv4v5_parada_OSUmod","01_24_22-SetA","E260.2B.NO20-01_Parada16S_osu1034","pmel_ome_osu1034","2","nM","Qubit Fluorometer","10","CGTACTAG","ACTGCATA","E260.2B.NO20-01_Parada16S_osu1034_R1.fastq.gz","E260.2B.NO20-01_Parada16S_osu1034_R2.fastq.gz","bb5ba07a356af497cf6fd60312287cd1","92e9aad591f757a7c3e1cb0a4afcb805","https://www.ncbi.nlm.nih.gov/biosample/SAMN35688266",24345,15190.0,586.0,179.0
"E261.1B.NO20-01","ssu16sv4v5_parada_OSUmod","01_24_22-SetA","E261.1B.NO20-01_Parada16S_osu1034","pmel_ome_osu1034","2","nM","Qubit Fluorometer","10","TCCTGAGC","AAGGAGTA","E261.1B.NO20-01_Parada16S_osu1034_R1.fastq.gz","E261.1B.NO20-01_Parada16S_osu1034_R2.fastq.gz","fe955250c6dad1b3316116e179935b23","a41e11da1115ae8d4b825f88ec92de4c","https://www.ncbi.nlm.nih.gov/biosample/SAMN35688307",20514,3649.0,2806.0,586.0
"E261.2B.NO20-01","ssu16sv4v5_parada_OSUmod","01_24_22-SetA","E261.2B.NO20-01_Parada16S_osu1034","pmel_ome_osu1034","2","nM","Qubit Fluorometer","10","AGGCAGAA","CTAAGCCT","E261.2B.NO20-01_Parada16S_osu1034_R1.fastq.gz","E261.2B.NO20-01_Parada16S_osu1034_R2.fastq.gz","7e170610ec7c8ab4e64ebf7a589c8c5b","1c2c3c53a64face6d37d0f827b98806d","https://www.ncbi.nlm.nih.gov/biosample/SAMN37344907",30642,18967.0,1513.0,407.0
"E262.1B.NO20-01","ssu16sv4v5_parada_OSUmod","01_24_22-SetA","E262.1B.NO20-01_Parada16S_osu1034","pmel_ome_osu1034","2","nM","Qubit Fluorometer","10","TCCTGAGC","CGTCTAAT","E262.1B.NO20-01_Parada16S_osu1034_R1.fastq.gz","E262.1B.NO20-01_Parada16S_osu1034_R2.fastq.gz","2d73c46278b038afc42c45a5f2d04765","c85c84b322b57e4eaea35b5f029f7ce1","https://www.ncbi.nlm.nih.gov/biosample/SAMN35688265",27570,18614.0,576.0,169.0
"E262.2B.NO20-01","ssu16sv4v5_parada_OSUmod","01_24_22-SetA","E262.2B.NO20-01_Parada16S_osu1034","pmel_ome_osu1034","2","nM","Qubit Fluorometer","10","TCCTGAGC","GTAAGGAG","E262.2B.NO20-01_Parada16S_osu1034_R1.fastq.gz","E262.2B.NO20-01_Parada16S_osu1034_R2.fastq.gz","8064e7baa223f4b1bd97f0ca5f8b24d2","4fbf0df429ab80ac32a49799c99306ef","",33486,15451.0,589.0,170.0
"E263.2B.NO20-01","ssu16sv4v5_parada_OSUmod","01_24_22-SetA","E263.2B.NO20-01_Parada16S_osu1034","pmel_ome_osu1034","2","nM","Qubit Fluorometer","10","AGGCAGAA","TATCCTCT","E263.2B.NO20-01_Parada16S_osu1034_R1.fastq.gz","E263.2B.NO20-01_Parada16S_osu1034_R2.fastq.gz","a620d0a13bbc7465e1185ff96c50bb9f","18b254574dd5038f2b1dc92719814209","https://www.ncbi.nlm.nih.gov/biosample/SAMN35688305",33396,20538.0,1477.0,413.0
"E264.1B.NO20-01","ssu16sv4v5_parada_OSUmod","01_24_22-SetA","E264.1B.NO20-01_Parada16S_osu1034","pmel_ome_osu1034","2","nM","Qubit Fluorometer","10","TCCTGAGC","CTCTCTAT","E264.1B.NO20-01_Parada16S_osu1034_R1.fastq.gz","E264.1B.NO20-01_Parada16S_osu1034_R2.fastq.gz","2b4ef64b9c7301b537211b6f2b71061a","9e3b88da9c3cb99d853cdeb4c44fc76f","https://www.ncbi.nlm.nih.gov/biosample/SAMN35688263",37030,25753.0,773.0,230.0
"E264.2B.NO20-01","ssu16sv4v5_parada_OSUmod","01_24_22-SetA","E264.2B.NO20-01_Parada16S_osu1034","pmel_ome_osu1034","2","nM","Qubit Fluorometer","10","TCCTGAGC","TATCCTCT","E264.2B.NO20-01_Parada16S_osu1034_R1.fastq.gz","E264.2B.NO20-01_Parada16S_osu1034_R2.fastq.gz","0a0163fa4a3fb54812a748fdbe8d01d1","b67dbc393567ef76f2dc57189e9b7a4c","",40106,27524.0,780.0,239.0
"E266.2B.NO20-01","ssu16sv4v5_parada_OSUmod","01_24_22-SetA","E266.2B.NO20-01_Parada16S_osu1034","pmel_ome_osu1034","2","nM","Qubit Fluorometer","10","CGTACTAG","CTAAGCCT","E266.2B.NO20-01_Parada16S_osu1034_R1.fastq.gz","E266.2B.NO20-01_Parada16S_osu1034_R2.fastq.gz","925f43f54417bed1705f4f2548dbc4c4","b7da68d852b409dca6746fa17c495c82","https://www.ncbi.nlm.nih.gov/biosample/SAMN35688261",28904,19827.0,780.0,245.0
"E267.1B.NO20-01","ssu16sv4v5_parada_OSUmod","01_24_22-SetA","E267.1B.NO20-01_Parada16S_osu1034","pmel_ome_osu1034","2","nM","Qubit Fluorometer","10","AGGCAGAA","CTCTCTAT","E267.1B.NO20-01_Parada16S_osu1034_R1.fastq.gz","E267.1B.NO20-01_Parada16S_osu1034_R2.fastq.gz","fdb48e4f05f15f3d1865eb6a5260af0e","bbb31e9f008f00bd82d9f6d714c6479f","https://www.ncbi.nlm.nih.gov/biosample/SAMN35688303",39406,24291.0,1272.0,381.0
"E267.2B.NO20-01","ssu16sv4v5_parada_OSUmod","01_24_22-SetA","E267.2B.NO20-01_Parada16S_osu1034","pmel_ome_osu1034","2","nM","Qubit Fluorometer","10","AGGCAGAA","CGTCTAAT","E267.2B.NO20-01_Parada16S_osu1034_R1.fastq.gz","E267.2B.NO20-01_Parada16S_osu1034_R2.fastq.gz","367b1f3412be0b6f259301e9cc2edb54","90baa7114991864e7efc3469cc6939b7","",36039,22556.0,1195.0,359.0
"E268.1B.NO20-01","ssu16sv4v5_parada_OSUmod","01_24_22-SetA","E268.1B.NO20-01_Parada16S_osu1034","pmel_ome_osu1034","2","nM","Qubit Fluorometer","10","CGTACTAG","AAGGAGTA","E268.1B.NO20-01_Parada16S_osu1034_R1.fastq.gz","E268.1B.NO20-01_Parada16S_osu1034_R2.fastq.gz","edca7b57007abae1e233744fc16cf6fe","6a79833d165db0a590b8bd62d0de931a","https://www.ncbi.nlm.nih.gov/biosample/SAMN35688260",23324,13839.0,988.0,311.0
"E268.2B.NO20-01","ssu16sv4v5_parada_OSUmod","01_24_22-SetA","E268.2B.NO20-01_Parada16S_osu1034","pmel_ome_osu1034","2","nM","Qubit Fluorometer","10","CGTACTAG","TCTCTCCG","E268.2B.NO20-01_Parada16S_osu1034_R1.fastq.gz","E268.2B.NO20-01_Parada16S_osu1034_R2.fastq.gz","07e47cacd82c4362d2faeacac851f185","3244b6e81e2fbbc364f3a1b9ce027656","",28826,17988.0,1110.0,328.0
"E271.1B.NO20-01","ssu16sv4v5_parada_OSUmod","01_24_22-SetA","E271.1B.NO20-01_Parada16S_osu1034","pmel_ome_osu1034","2","nM","Qubit Fluorometer","10","TAGGCATG","TATCCTCT","E271.1B.NO20-01_Parada16S_osu1034_R1.fastq.gz","E271.1B.NO20-01_Parada16S_osu1034_R2.fastq.gz","4a03e24b52095264cb19183c1ccf5b13","2fdd2c478859e3c00d88d49f7e265721","https://www.ncbi.nlm.nih.gov/biosample/SAMN35688302",36094,25172.0,1364.0,411.0
"E271.2B.NO20-01","ssu16sv4v5_parada_OSUmod","01_24_22-SetA","E271.2B.NO20-01_Parada16S_osu1034","pmel_ome_osu1034","2","nM","Qubit Fluorometer","10","GGACTCCT","CTAAGCCT","E271.2B.NO20-01_Parada16S_osu1034_R1.fastq.gz","E271.2B.NO20-01_Parada16S_osu1034_R2.fastq.gz","436a5fc593ba95524175a3af39e830cb","26b6013addbf7c1ca4f369f2d6b7bcea","",29992,21491.0,1335.0,403.0
"E272.2B.NO20-01","ssu16sv4v5_parada_OSUmod","01_24_22-SetA","E272.2B.NO20-01_Parada16S_osu1034","pmel_ome_osu1034","2","nM","Qubit Fluorometer","10","GGACTCCT","AAGGAGTA","E272.2B.NO20-01_Parada16S_osu1034_R1.fastq.gz","E272.2B.NO20-01_Parada16S_osu1034_R2.fastq.gz","0a52b28577c0bc85ab5b3d8851ba1843","7e7ec635fde0651e80f260024cd36590","https://www.ncbi.nlm.nih.gov/biosample/SAMN37344908",22932,10454.0,2098.0,519.0
"E287.1B.NO20-01","ssu16sv4v5_parada_OSUmod","01_24_22-SetA","E287.1B.NO20-01_Parada16S_osu1034","pmel_ome_osu1034","2","nM","Qubit Fluorometer","10","GTAGAGGA","TCTCTCCG","E287.1B.NO20-01_Parada16S_osu1034_R1.fastq.gz","E287.1B.NO20-01_Parada16S_osu1034_R2.fastq.gz","4b51cfec052063050492c02a712d7f13","0932b68ced9b17d23031bc102c238792","https://www.ncbi.nlm.nih.gov/biosample/SAMN35688296",28205,16500.0,1975.0,492.0
"E287.2B.NO20-01","ssu16sv4v5_parada_OSUmod","01_24_22-SetA","E287.2B.NO20-01_Parada16S_osu1034","pmel_ome_osu1034","2","nM","Qubit Fluorometer","10","AGGCAGAA","TCTCTCCG","E287.2B.NO20-01_Parada16S_osu1034_R1.fastq.gz","E287.2B.NO20-01_Parada16S_osu1034_R2.fastq.gz","05ddb66044631fe31a980165594a9673","77976c616766b2eec3be37875c093219","",34675,20254.0,2126.0,528.0
"E287.3B.NO20-01","ssu16sv4v5_parada_OSUmod","01_24_22-SetA","E287.3B.NO20-01_Parada16S_osu1034","pmel_ome_osu1034","2","nM","Qubit Fluorometer","10","AGGCAGAA","ACTGCATA","E287.3B.NO20-01_Parada16S_osu1034_R1.fastq.gz","E287.3B.NO20-01_Parada16S_osu1034_R2.fastq.gz","313ea8ac2f8833227f9660a1727d8e92","b0a85ad08df01b77f497831ce485aeb7","",35402,19332.0,2047.0,526.0
"E288.1B.NO20-01","ssu16sv4v5_parada_OSUmod","01_24_22-SetA","E288.1B.NO20-01_Parada16S_osu1034","pmel_ome_osu1034","2","nM","Qubit Fluorometer","10","TCCTGAGC","ACTGCATA","E288.1B.NO20-01_Parada16S_osu1034_R1.fastq.gz","E288.1B.NO20-01_Parada16S_osu1034_R2.fastq.gz","dce2d2b71b30d7d1573c37d5b49c5990","a4b7bae76620b2a176b614f82e63f92e","https://www.ncbi.nlm.nih.gov/biosample/SAMN35688254",36702,23275.0,2040.0,522.0
"E288.2B.NO20-01","ssu16sv4v5_parada_OSUmod","01_24_22-SetA","E288.2B.NO20-01_Parada16S_osu1034","pmel_ome_osu1034","2","nM","Qubit Fluorometer","10","GCTCATGA","CTCTCTAT","E288.2B.NO20-01_Parada16S_osu1034_R1.fastq.gz","E288.2B.NO20-01_Parada16S_osu1034_R2.fastq.gz","c5d14cd77dc9dc56a1f9583836d77d03","f27eb86178195dac8d26b0723b6c6a47","",36611,23807.0,1898.0,498.0
"E289.1B.NO20-01","ssu16sv4v5_parada_OSUmod","01_24_22-SetA","E289.1B.NO20-01_Parada16S_osu1034","pmel_ome_osu1034","2","nM","Qubit Fluorometer","10","CGAGGCTG","GTAAGGAG","E289.1B.NO20-01_Parada16S_osu1034_R1.fastq.gz","E289.1B.NO20-01_Parada16S_osu1034_R2.fastq.gz","c5b9617ea6e457c5c6b32c7d34ac502a","3b57e8d8b101be9877c0604e5ac64487","https://www.ncbi.nlm.nih.gov/biosample/SAMN37344909",28916,18615.0,1125.0,347.0
"E289.2B.NO20-01","ssu16sv4v5_parada_OSUmod","01_24_22-SetA","E289.2B.NO20-01_Parada16S_osu1034","pmel_ome_osu1034","2","nM","Qubit Fluorometer","10","GTAGAGGA","CTAAGCCT","E289.2B.NO20-01_Parada16S_osu1034_R1.fastq.gz","E289.2B.NO20-01_Parada16S_osu1034_R2.fastq.gz","e0dbea15313e3429b1f2685074b2c679","b34ee18b4fd0295d8c7b452f2a7efed9","https://www.ncbi.nlm.nih.gov/biosample/SAMN35688294",34374,22071.0,1555.0,445.0
"E289.3B.NO20-01","ssu16sv4v5_parada_OSUmod","01_24_22-SetA","E289.3B.NO20-01_Parada16S_osu1034","pmel_ome_osu1034","2","nM","Qubit Fluorometer","10","GTAGAGGA","TATCCTCT","E289.3B.NO20-01_Parada16S_osu1034_R1.fastq.gz","E289.3B.NO20-01_Parada16S_osu1034_R2.fastq.gz","41e2898aa3cec5a19b55a8b1cb4e10fd","7104f83b39983f3f0feeb466fa759269","",35575,22163.0,1277.0,375.0
"E290.1B.NO20-01","ssu16sv4v5_parada_OSUmod","01_24_22-SetA","E290.1B.NO20-01_Parada16S_osu1034","pmel_ome_osu1034","2","nM","Qubit Fluorometer","10","CGAGGCTG","AAGGAGTA","E290.1B.NO20-01_Parada16S_osu1034_R1.fastq.gz","E290.1B.NO20-01_Parada16S_osu1034_R2.fastq.gz","0f2ea647b37e795a202e4f6f6d18c23b","76b1f681b9baaebebf35e1b6de7be528","https://www.ncbi.nlm.nih.gov/biosample/SAMN37344910",26427,16605.0,1223.0,368.0
"E290.2B.NO20-01","ssu16sv4v5_parada_OSUmod","01_24_22-SetA","E290.2B.NO20-01_Parada16S_osu1034","pmel_ome_osu1034","2","nM","Qubit Fluorometer","10","GTAGAGGA","GTAAGGAG","E290.2B.NO20-01_Parada16S_osu1034_R1.fastq.gz","E290.2B.NO20-01_Parada16S_osu1034_R2.fastq.gz","6af85b174c798ddd6f4cfa64363a32ff","b56df47ccb4853f8a7c410e2c8951e54","https://www.ncbi.nlm.nih.gov/biosample/SAMN35688252",39263,24978.0,1298.0,378.0
"E290.3B.NO20-01","ssu16sv4v5_parada_OSUmod","01_24_22-SetA","E290.3B.NO20-01_Parada16S_osu1034","pmel_ome_osu1034","2","nM","Qubit Fluorometer","10","CGAGGCTG","CTAAGCCT","E290.3B.NO20-01_Parada16S_osu1034_R1.fastq.gz","E290.3B.NO20-01_Parada16S_osu1034_R2.fastq.gz","fae34da514658b36e73dd7cb4aa73d49","2528ed572d911b9d67f51f11b5947a0f","",32158,21147.0,1159.0,359.0
"E293.1B.NO20-01","ssu16sv4v5_parada_OSUmod","01_24_22-SetA","E293.1B.NO20-01_Parada16S_osu1034","pmel_ome_osu1034","2","nM","Qubit Fluorometer","10","GCTCATGA","TATCCTCT","E293.1B.NO20-01_Parada16S_osu1034_R1.fastq.gz","E293.1B.NO20-01_Parada16S_osu1034_R2.fastq.gz","65f38a9fa58662de942b67645f71151b","925fea991ef9603372ac01c26c82b7e4","https://www.ncbi.nlm.nih.gov/biosample/SAMN35688292",24401,15765.0,1422.0,418.0
"E293.3B.NO20-01","ssu16sv4v5_parada_OSUmod","01_24_22-SetA","E293.3B.NO20-01_Parada16S_osu1034","pmel_ome_osu1034","2","nM","Qubit Fluorometer","10","GCTCATGA","CGTCTAAT","E293.3B.NO20-01_Parada16S_osu1034_R1.fastq.gz","E293.3B.NO20-01_Parada16S_osu1034_R2.fastq.gz","c4e7bf609539775a6faae88c8016711e","c9b6aaedad70e4fc05149be199907063","",32728,22346.0,1509.0,434.0
"E294.1B.NO20-01","ssu16sv4v5_parada_OSUmod","01_24_22-SetA","E294.1B.NO20-01_Parada16S_osu1034","pmel_ome_osu1034","2","nM","Qubit Fluorometer","10","GCTCATGA","GTAAGGAG","E294.1B.NO20-01_Parada16S_osu1034_R1.fastq.gz","E294.1B.NO20-01_Parada16S_osu1034_R2.fastq.gz","5bd83105c905a68299c586c89485a0a8","4bef4775d40482999182477a5afa839b","https://www.ncbi.nlm.nih.gov/biosample/SAMN35688250",34677,19539.0,1327.0,381.0
"E295.1B.NO20-01","ssu16sv4v5_parada_OSUmod","01_24_22-SetA","E295.1B.NO20-01_Parada16S_osu1034","pmel_ome_osu1034","2","nM","Qubit Fluorometer","10","GTAGAGGA","CTCTCTAT","E295.1B.NO20-01_Parada16S_osu1034_R1.fastq.gz","E295.1B.NO20-01_Parada16S_osu1034_R2.fastq.gz","ef6d8250542c727e7c53337863e69ca9","d929ef1af2db7a17c0374c5eb9b3365e","https://www.ncbi.nlm.nih.gov/biosample/SAMN35688298",33344,20906.0,1289.0,402.0
"E295.2B.NO20-01","ssu16sv4v5_parada_OSUmod","01_24_22-SetA","E295.2B.NO20-01_Parada16S_osu1034","pmel_ome_osu1034","2","nM","Qubit Fluorometer","10","AAGAGGCA","GTAAGGAG","E295.2B.NO20-01_Parada16S_osu1034_R1.fastq.gz","E295.2B.NO20-01_Parada16S_osu1034_R2.fastq.gz","882e58f6a595b6e1d861bb3b6812ff4d","7c2b4fcd37654d5da07be32631019257","",38421,23484.0,1445.0,421.0
"E295.3B.NO20-01","ssu16sv4v5_parada_OSUmod","01_24_22-SetA","E295.3B.NO20-01_Parada16S_osu1034","pmel_ome_osu1034","2","nM","Qubit Fluorometer","10","CGAGGCTG","CGTCTAAT","E295.3B.NO20-01_Parada16S_osu1034_R1.fastq.gz","E295.3B.NO20-01_Parada16S_osu1034_R2.fastq.gz","f4100d3ec5a211e3523aa4d7a39940e5","e042505755c7d3b58eadc60dfaebbef1","",25702,16351.0,1139.0,359.0
"E296.1B.NO20-01","ssu16sv4v5_parada_OSUmod","01_24_22-SetA","E296.1B.NO20-01_Parada16S_osu1034","pmel_ome_osu1034","2","nM","Qubit Fluorometer","10","AAGAGGCA","ACTGCATA","E296.1B.NO20-01_Parada16S_osu1034_R1.fastq.gz","E296.1B.NO20-01_Parada16S_osu1034_R2.fastq.gz","774c2d8dae3b5365fb5b47676288800e","bc5c5b7c68a9eff7812b4cf6edcb08d5","https://www.ncbi.nlm.nih.gov/biosample/SAMN35688256",27763,17833.0,1304.0,390.0
"E296.2B.NO20-01","ssu16sv4v5_parada_OSUmod","01_24_22-SetA","E296.2B.NO20-01_Parada16S_osu1034","pmel_ome_osu1034","2","nM","Qubit Fluorometer","10","CGAGGCTG","TCTCTCCG","E296.2B.NO20-01_Parada16S_osu1034_R1.fastq.gz","E296.2B.NO20-01_Parada16S_osu1034_R2.fastq.gz","94234ac0316a1b0adbbf5308c4382062","d2cd0659855d42c442d1827514ff2916","",22016,14258.0,1007.0,337.0
"E296.3B.NO20-01","ssu16sv4v5_parada_OSUmod","01_24_22-SetA","E296.3B.NO20-01_Parada16S_osu1034","pmel_ome_osu1034","2","nM","Qubit Fluorometer","10","CTCTCTAC","TCTCTCCG","E296.3B.NO20-01_Parada16S_osu1034_R1.fastq.gz","E296.3B.NO20-01_Parada16S_osu1034_R2.fastq.gz","9de3c1aa9da72f4647cde3ff5a08dadd","2015c96cfd633954590e72a8a50bdc58","",39946,25368.0,1405.0,437.0
"E297.1B.NO20-01","ssu16sv4v5_parada_OSUmod","01_24_22-SetA","E297.1B.NO20-01_Parada16S_osu1034","pmel_ome_osu1034","2","nM","Qubit Fluorometer","10","GCTCATGA","ACTGCATA","E297.1B.NO20-01_Parada16S_osu1034_R1.fastq.gz","E297.1B.NO20-01_Parada16S_osu1034_R2.fastq.gz","c8677b943c5826a087550d2d21937ff4","a96aa520c919937ab5393f006dd00cd6","https://www.ncbi.nlm.nih.gov/biosample/SAMN35688300",22656,14697.0,1537.0,440.0
"E298.1B.NO20-01","ssu16sv4v5_parada_OSUmod","01_24_22-SetA","E298.1B.NO20-01_Parada16S_osu1034","pmel_ome_osu1034","2","nM","Qubit Fluorometer","10","GCTCATGA","CTAAGCCT","E298.1B.NO20-01_Parada16S_osu1034_R1.fastq.gz","E298.1B.NO20-01_Parada16S_osu1034_R2.fastq.gz","fa4af251072f4fb0689d5180a815e433","8b7ae9c4dc33f5a690bea731c72046fe","https://www.ncbi.nlm.nih.gov/biosample/SAMN35688258",28773,19565.0,1240.0,380.0
"E298.2B.NO20-01","ssu16sv4v5_parada_OSUmod","01_24_22-SetA","E298.2B.NO20-01_Parada16S_osu1034","pmel_ome_osu1034","2","nM","Qubit Fluorometer","10","GCTCATGA","TCTCTCCG","E298.2B.NO20-01_Parada16S_osu1034_R1.fastq.gz","E298.2B.NO20-01_Parada16S_osu1034_R2.fastq.gz","865d6a7306299ccd225160261141cdcd","742c07cc20628a411f5219c0b94c70d2","",31764,20531.0,1133.0,354.0
"E298.3B.NO20-01","ssu16sv4v5_parada_OSUmod","01_24_22-SetA","E298.3B.NO20-01_Parada16S_osu1034","pmel_ome_osu1034","2","nM","Qubit Fluorometer","10","GCTCATGA","AAGGAGTA","E298.3B.NO20-01_Parada16S_osu1034_R1.fastq.gz","E298.3B.NO20-01_Parada16S_osu1034_R2.fastq.gz","e4e86628a4bb5312b1a23084f57928fe","c8b6bfd303af0bc2bb6d28918e632604","",24721,15355.0,1033.0,317.0
"E299.1B.NO20-01","ssu16sv4v5_parada_OSUmod","01_24_22-SetA","E299.1B.NO20-01_Parada16S_osu1034","pmel_ome_osu1034","2","nM","Qubit Fluorometer","10","AAGAGGCA","AAGGAGTA","E299.1B.NO20-01_Parada16S_osu1034_R1.fastq.gz","E299.1B.NO20-01_Parada16S_osu1034_R2.fastq.gz","6e92d2b4e9e9680bf8d792a6afc00d4c","c26f1bf4435ed52de0bd41da22f8c8e8","https://www.ncbi.nlm.nih.gov/biosample/SAMN35688301",29087,17972.0,1612.0,449.0
"E299.2B.NO20-01","ssu16sv4v5_parada_OSUmod","01_24_22-SetA","E299.2B.NO20-01_Parada16S_osu1034","pmel_ome_osu1034","2","nM","Qubit Fluorometer","10","AAGAGGCA","TATCCTCT","E299.2B.NO20-01_Parada16S_osu1034_R1.fastq.gz","E299.2B.NO20-01_Parada16S_osu1034_R2.fastq.gz","1940e978fe0e9add50ed09d34e6f3643","2bf0fe6d5d07b28c83005c62fdecfdbf","",38341,24499.0,1766.0,486.0
"E299.3B.NO20-01","ssu16sv4v5_parada_OSUmod","01_24_22-SetA","E299.3B.NO20-01_Parada16S_osu1034","pmel_ome_osu1034","2","nM","Qubit Fluorometer","10","CGAGGCTG","ACTGCATA","E299.3B.NO20-01_Parada16S_osu1034_R1.fastq.gz","E299.3B.NO20-01_Parada16S_osu1034_R2.fastq.gz","4c1f1b372057f05911cf6427ba08df7c","bc6bd1373d6a5a3aa558f9d802ba33d9","",31906,20937.0,1708.0,476.0
"E300.1B.NO20-01","ssu16sv4v5_parada_OSUmod","01_24_22-SetA","E300.1B.NO20-01_Parada16S_osu1034","pmel_ome_osu1034","2","nM","Qubit Fluorometer","10","CGAGGCTG","TATCCTCT","E300.1B.NO20-01_Parada16S_osu1034_R1.fastq.gz","E300.1B.NO20-01_Parada16S_osu1034_R2.fastq.gz","050627eab8c22f35dd22c9d6d33973aa","5a789e07f19cd59e93578a6f34aa16cf","https://www.ncbi.nlm.nih.gov/biosample/SAMN37344911",27072,18063.0,1290.0,399.0
"E300.2B.NO20-01","ssu16sv4v5_parada_OSUmod","01_24_22-SetA","E300.2B.NO20-01_Parada16S_osu1034","pmel_ome_osu1034","2","nM","Qubit Fluorometer","10","GTAGAGGA","ACTGCATA","E300.2B.NO20-01_Parada16S_osu1034_R1.fastq.gz","E300.2B.NO20-01_Parada16S_osu1034_R2.fastq.gz","bd53463f8c35afeea5adc2013834db7e","f9433ef46a0f620de85c6785cd23cccf","https://www.ncbi.nlm.nih.gov/biosample/SAMN35688259",37123,23448.0,1570.0,438.0
"E300.3B.NO20-01","ssu16sv4v5_parada_OSUmod","01_24_22-SetA","E300.3B.NO20-01_Parada16S_osu1034","pmel_ome_osu1034","2","nM","Qubit Fluorometer","10","AAGAGGCA","TCTCTCCG","E300.3B.NO20-01_Parada16S_osu1034_R1.fastq.gz","E300.3B.NO20-01_Parada16S_osu1034_R2.fastq.gz","2b107d945b72c4521d10593877e767dd","39b53b7dde9fb148406868b6ce74b57d","",30832,19844.0,1342.0,410.0
"E78.WO920","ssu18sv8_machida_OSUmod","01_24_22-SetB","E78.WO920_Machida18S_osu1034","pmel_ome_osu1034","2","nM","Qubit Fluorometer","10","GCGTAGTA","TCTCTCCG","E78.WO920_Machida18S_osu1034_R1.fastq.gz","E78.WO920_Machida18S_osu1034_R2.fastq.gz","5c033c97947c675a9f2c6953f62dea9d","218645f3beacf0b144254ef75cd8050a","",49513,36589.0,1251.0,446.0
"E79.WO920","ssu18sv8_machida_OSUmod","01_24_22-SetB","E79.WO920_Machida18S_osu1034","pmel_ome_osu1034","2","nM","Qubit Fluorometer","10","CGGAGCCT","CTCTCTAT","E79.WO920_Machida18S_osu1034_R1.fastq.gz","E79.WO920_Machida18S_osu1034_R2.fastq.gz","f27a983ecaad3bd0ff410588a8b436bf","a89c538b92c42fb25ea17b22fd59b446","",47303,37179.0,935.0,332.0
"E80.WO920","ssu18sv8_machida_OSUmod","01_24_22-SetB","E80.WO920_Machida18S_osu1034","pmel_ome_osu1034","2","nM","Qubit Fluorometer","10","GCGTAGTA","AAGGAGTA","E80.WO920_Machida18S_osu1034_R1.fastq.gz","E80.WO920_Machida18S_osu1034_R2.fastq.gz","d800e8887b0ac44ea1a97dd130ee73ae","09ddd357ad1a16d636ebaa569dfba159","",48380,37171.0,1300.0,418.0
"E81.WO920","ssu18sv8_machida_OSUmod","01_24_22-SetB","E81.WO920_Machida18S_osu1034","pmel_ome_osu1034","2","nM","Qubit Fluorometer","10","CCTAAGAC","TCTCTCCG","E81.WO920_Machida18S_osu1034_R1.fastq.gz","E81.WO920_Machida18S_osu1034_R2.fastq.gz","c3ac553256e706cc613345223c2b12bb","e0f7548dc3c7202499a1cfd54da973c4","",49892,37898.0,1422.0,455.0
"E85.WO920","ssu18sv8_machida_OSUmod","01_24_22-SetB","E85.WO920_Machida18S_osu1034","pmel_ome_osu1034","2","nM","Qubit Fluorometer","10","CGGAGCCT","GTAAGGAG","E85.WO920_Machida18S_osu1034_R1.fastq.gz","E85.WO920_Machida18S_osu1034_R2.fastq.gz","8628438a41e424c6a84c0fd9f3cb8d4e","2685532bf942520a55801f1f929a07cc","",45020,35961.0,1045.0,373.0
"E86.WO920","ssu18sv8_machida_OSUmod","01_24_22-SetB","E86.WO920_Machida18S_osu1034","pmel_ome_osu1034","2","nM","Qubit Fluorometer","10","GCGTAGTA","CTAAGCCT","E86.WO920_Machida18S_osu1034_R1.fastq.gz","E86.WO920_Machida18S_osu1034_R2.fastq.gz","85c80dbf1838648b2c922e08e26ef10d","fa05713e364c6b7d6f9703b352a9f1f6","",36815,28387.0,1040.0,375.0
"E87.WO920","ssu18sv8_machida_OSUmod","01_24_22-SetB","E87.WO920_Machida18S_osu1034","pmel_ome_osu1034","2","nM","Qubit Fluorometer","10","CGGAGCCT","TATCCTCT","E87.WO920_Machida18S_osu1034_R1.fastq.gz","E87.WO920_Machida18S_osu1034_R2.fastq.gz","bc7a77aeea590d309e78749d58b8a05a","5d87974afcb2e6b27897b82989467a30","",41791,34136.0,954.0,369.0
"E88.WO920","ssu18sv8_machida_OSUmod","01_24_22-SetB","E88.WO920_Machida18S_osu1034","pmel_ome_osu1034","2","nM","Qubit Fluorometer","10","CGGAGCCT","CTAAGCCT","E88.WO920_Machida18S_osu1034_R1.fastq.gz","E88.WO920_Machida18S_osu1034_R2.fastq.gz","32ceef5ed3767ae2de84080e9f93d20f","50c92a23d315bdd386150eea7605251f","",32018,26039.0,670.0,330.0
"E89.WO920","ssu18sv8_machida_OSUmod","01_24_22-SetB","E89.WO920_Machida18S_osu1034","pmel_ome_osu1034","2","nM","Qubit Fluorometer","10","CCTAAGAC","CGTCTAAT","E89.WO920_Machida18S_osu1034_R1.fastq.gz","E89.WO920_Machida18S_osu1034_R2.fastq.gz","4965b75e92b0572dc21feda18cb6f976","74816aaeb647bf8ffc71b5f228b3e1d3","",31313,23812.0,990.0,393.0
"E91.WO920","ssu18sv8_machida_OSUmod","01_24_22-SetB","E91.WO920_Machida18S_osu1034","pmel_ome_osu1034","2","nM","Qubit Fluorometer","10","CCTAAGAC","ACTGCATA","E91.WO920_Machida18S_osu1034_R1.fastq.gz","E91.WO920_Machida18S_osu1034_R2.fastq.gz","5e52747c9667b81607db4872a9302991","545c10b32a9de63608b5a714b486a01f","",34662,26795.0,997.0,396.0
"E93.WO920","ssu18sv8_machida_OSUmod","01_24_22-SetB","E93.WO920_Machida18S_osu1034","pmel_ome_osu1034","2","nM","Qubit Fluorometer","10","GCGTAGTA","CGTCTAAT","E93.WO920_Machida18S_osu1034_R1.fastq.gz","E93.WO920_Machida18S_osu1034_R2.fastq.gz","24e4d2c11b5636e0454644f910bcfcb6","e4fc697fb382affa23c9a8630dceb4c1","",40090,32243.0,1101.0,419.0
"E94.WO920","ssu18sv8_machida_OSUmod","01_24_22-SetB","E94.WO920_Machida18S_osu1034","pmel_ome_osu1034","2","nM","Qubit Fluorometer","10","GCGTAGTA","ACTGCATA","E94.WO920_Machida18S_osu1034_R1.fastq.gz","E94.WO920_Machida18S_osu1034_R2.fastq.gz","7914e5b57ab6fabffe19bf8bae2737da","2912e1f2e3448faf5686679bab87be2a","",29652,23854.0,1050.0,408.0
"E96.WO920","ssu18sv8_machida_OSUmod","01_24_22-SetB","E96.WO920_Machida18S_osu1034","pmel_ome_osu1034","2","nM","Qubit Fluorometer","10","CGGAGCCT","CGTCTAAT","E96.WO920_Machida18S_osu1034_R1.fastq.gz","E96.WO920_Machida18S_osu1034_R2.fastq.gz","abd67f07bd755d779af11f0811b6b3af","1443fe9541d3b023dc14fb7d4cad9a6f","",40214,32418.0,1262.0,452.0
"E99.WO920","ssu18sv8_machida_OSUmod","01_24_22-SetB","E99.WO920_Machida18S_osu1034","pmel_ome_osu1034","2","nM","Qubit Fluorometer","10","GCGTAGTA","CTCTCTAT","E99.WO920_Machida18S_osu1034_R1.fastq.gz","E99.WO920_Machida18S_osu1034_R2.fastq.gz","2f731c5f984e0625d85f9a065fee91b1","ad4c3df777ffd19b60c2a5012c77f696","",53834,38739.0,1406.0,431.0
"E101.WO920","ssu18sv8_machida_OSUmod","01_24_22-SetB","E101.WO920_Machida18S_osu1034","pmel_ome_osu1034","2","nM","Qubit Fluorometer","10","CCTAAGAC","GTAAGGAG","E101.WO920_Machida18S_osu1034_R1.fastq.gz","E101.WO920_Machida18S_osu1034_R2.fastq.gz","1601fd0087f3dd4374779a905b5b5214","a56d30e03040fe6c14d6be7c1267f0ae","",38106,28351.0,669.0,279.0
"E102.WO920","ssu18sv8_machida_OSUmod","01_24_22-SetB","E102.WO920_Machida18S_osu1034","pmel_ome_osu1034","2","nM","Qubit Fluorometer","10","CCTAAGAC","TATCCTCT","E102.WO920_Machida18S_osu1034_R1.fastq.gz","E102.WO920_Machida18S_osu1034_R2.fastq.gz","d087adf9c33ffa1fb73b0d4798b89c90","ac2b57ed0f2374b9eff5522367e01212","",34772,25486.0,906.0,320.0
"E105.WO920","ssu18sv8_machida_OSUmod","01_24_22-SetB","E105.WO920_Machida18S_osu1034","pmel_ome_osu1034","2","nM","Qubit Fluorometer","10","CCTAAGAC","CTCTCTAT","E105.WO920_Machida18S_osu1034_R1.fastq.gz","E105.WO920_Machida18S_osu1034_R2.fastq.gz","887193c91327df533b84963bed9733a6","537130fafb9232ff19429308ca7b0f34","",43174,32356.0,927.0,337.0
"E106.WO920","ssu18sv8_machida_OSUmod","01_24_22-SetB","E106.WO920_Machida18S_osu1034","pmel_ome_osu1034","2","nM","Qubit Fluorometer","10","CGATCAGT","CTCTCTAT","E106.WO920_Machida18S_osu1034_R1.fastq.gz","E106.WO920_Machida18S_osu1034_R2.fastq.gz","85b393dfe4f1aeacb5c2939ad3e8927b","e1a3d844c0bc4e39e8de8bff1af147bc","",35366,28077.0,782.0,320.0
"E108.WO920","ssu18sv8_machida_OSUmod","01_24_22-SetB","E108.WO920_Machida18S_osu1034","pmel_ome_osu1034","2","nM","Qubit Fluorometer","10","GCGTAGTA","GTAAGGAG","E108.WO920_Machida18S_osu1034_R1.fastq.gz","E108.WO920_Machida18S_osu1034_R2.fastq.gz","c238d249a29b26b2a1523d2119a21194","72ce3b5dd15d6d49a41374f491a54579","",33870,25328.0,1041.0,376.0
"E110.WO920","ssu18sv8_machida_OSUmod","01_24_22-SetB","E110.WO920_Machida18S_osu1034","pmel_ome_osu1034","2","nM","Qubit Fluorometer","10","CGGAGCCT","TCTCTCCG","E110.WO920_Machida18S_osu1034_R1.fastq.gz","E110.WO920_Machida18S_osu1034_R2.fastq.gz","edf727269d3c353060c47eb4154dca4e","33001cdb284ea50ddfe7102eb1d6428b","",36798,28702.0,747.0,318.0
"E111.WO920","ssu18sv8_machida_OSUmod","01_24_22-SetB","E111.WO920_Machida18S_osu1034","pmel_ome_osu1034","2","nM","Qubit Fluorometer","10","CGGAGCCT","ACTGCATA","E111.WO920_Machida18S_osu1034_R1.fastq.gz","E111.WO920_Machida18S_osu1034_R2.fastq.gz","f5874d280fdc8a621042becee9328158","d10a20c8edc94d4b8a534a4587a77911","",35174,28283.0,830.0,319.0
"E112.WO920","ssu18sv8_machida_OSUmod","01_24_22-SetB","E112.WO920_Machida18S_osu1034","pmel_ome_osu1034","2","nM","Qubit Fluorometer","10","GCGTAGTA","TATCCTCT","E112.WO920_Machida18S_osu1034_R1.fastq.gz","E112.WO920_Machida18S_osu1034_R2.fastq.gz","02ad73ed44918dff5937b51f2db8e291","d4cea3fa9e92b2295017bbfde65c9bf2","",36811,30050.0,823.0,324.0
"E113.WO920","ssu18sv8_machida_OSUmod","01_24_22-SetB","E113.WO920_Machida18S_osu1034","pmel_ome_osu1034","2","nM","Qubit Fluorometer","10","CCTAAGAC","CTAAGCCT","E113.WO920_Machida18S_osu1034_R1.fastq.gz","E113.WO920_Machida18S_osu1034_R2.fastq.gz","a4ee9b60f7d5c441aa1b2d2f47bd7cd3","f2e437b2bccc4646f7d91292bbf0269b","",27924,22115.0,662.0,267.0
"E118.WO920","ssu18sv8_machida_OSUmod","01_24_22-SetB","E118.WO920_Machida18S_osu1034","pmel_ome_osu1034","2","nM","Qubit Fluorometer","10","CGATCAGT","GTAAGGAG","E118.WO920_Machida18S_osu1034_R1.fastq.gz","E118.WO920_Machida18S_osu1034_R2.fastq.gz","f67a114b9de9e3dac52fb6407378ae2c","72d357b1d68234ac41823d020bb26ca1","",21679,16537.0,607.0,234.0
"E119.WO920","ssu18sv8_machida_OSUmod","01_24_22-SetB","E119.WO920_Machida18S_osu1034","pmel_ome_osu1034","2","nM","Qubit Fluorometer","10","CCTAAGAC","AAGGAGTA","E119.WO920_Machida18S_osu1034_R1.fastq.gz","E119.WO920_Machida18S_osu1034_R2.fastq.gz","eb483209333a2b2e24eb788afde6713c","ccbfad2676f40b1da6af302269c5cb54","",23312,17558.0,611.0,257.0
"E121.NC.WO920","ssu18sv8_machida_OSUmod","01_24_22-SetB","E121.NC.WO920_Machida18S_osu1034","pmel_ome_osu1034","2","nM","Qubit Fluorometer","10","CGATCAGT","TATCCTCT","E121.NC.WO920_Machida18S_osu1034_R1.fastq.gz","E121.NC.WO920_Machida18S_osu1034_R2.fastq.gz","6c64755be8225d2427e2c417517a538e","5acb902f7b851a57eb06dcf2b08d9c11","",5945,22.0,22.0,19.0
"E123.NC.WO920","ssu18sv8_machida_OSUmod","01_24_22-SetB","E123.NC.WO920_Machida18S_osu1034","pmel_ome_osu1034","2","nM","Qubit Fluorometer","10","CGATCAGT","ACTGCATA","E123.NC.WO920_Machida18S_osu1034_R1.fastq.gz","E123.NC.WO920_Machida18S_osu1034_R2.fastq.gz","a6e44b988266d9db48a00c062ed1e649","b6700dc0144a14e5f8232decc9b0ff8f","",5209,111.0,16.0,14.0
"E124.NC.WO920","ssu18sv8_machida_OSUmod","01_24_22-SetB","E124.NC.WO920_Machida18S_osu1034","pmel_ome_osu1034","2","nM","Qubit Fluorometer","10","CGGAGCCT","AAGGAGTA","E124.NC.WO920_Machida18S_osu1034_R1.fastq.gz","E124.NC.WO920_Machida18S_osu1034_R2.fastq.gz","047f855b7fe9051152829abb0ccbf8df","41abe2f25df4901a98e38e5d4fa4e710","",4700,23.0,15.0,13.0
"osu1034.Machida18S.POSITIVE.Camel","ssu18sv8_machida_OSUmod","01_24_22-SetA","osu1034.Machida18S.POSITIVE.Camel_Machida18S_osu1034","pmel_ome_osu1034","2","nM","Qubit Fluorometer","10","TAAGGCGA","AAGGAGTA","osu1034.Machida18S.POSITIVE.Camel_Machida18S_osu1034_R1.fastq.gz","osu1034.Machida18S.POSITIVE.Camel_Machida18S_osu1034_R2.fastq.gz","c4ee92d625cce80526a4829894a17506","640af03df4e89ea72ad3c7e9db473bcb","",63314,14199.0,186.0,29.0
"osu1034.Machida18S.POSITIVE.Ferret","ssu18sv8_machida_OSUmod","01_24_22-SetA","osu1034.Machida18S.POSITIVE.Ferret_Machida18S_osu1034","pmel_ome_osu1034","2","nM","Qubit Fluorometer","10","TAAGGCGA","CTAAGCCT","osu1034.Machida18S.POSITIVE.Ferret_Machida18S_osu1034_R1.fastq.gz","osu1034.Machida18S.POSITIVE.Ferret_Machida18S_osu1034_R2.fastq.gz","9712e96802cdda9f34340008918c3a1c","d6cc239d48af19fb6c7537efeebe06dd","",10416,3002.0,180.0,44.0
"E235.1B.NO20-01","ssu18sv8_machida_OSUmod","01_24_22-SetD","E235.1B.NO20-01_Machida18S_osu1034","pmel_ome_osu1034","2","nM","Qubit Fluorometer","10","TCGACGTC","CCTAGAGT","E235.1B.NO20-01_Machida18S_osu1034_R1.fastq.gz","E235.1B.NO20-01_Machida18S_osu1034_R2.fastq.gz","1cb4b0bc25573876fb4d621408108b9b","330c78d9da2f56908541db6c43f2b25d","https://www.ncbi.nlm.nih.gov/biosample/SAMN35688315",23976,15955.0,867.0,368.0
"E235.2B.NO20-01","ssu18sv8_machida_OSUmod","01_24_22-SetB","E235.2B.NO20-01_Machida18S_osu1034","pmel_ome_osu1034","2","nM","Qubit Fluorometer","10","TAGCGCTC","GTAAGGAG","E235.2B.NO20-01_Machida18S_osu1034_R1.fastq.gz","E235.2B.NO20-01_Machida18S_osu1034_R2.fastq.gz","7759272016c9733f1cd624970febd0c4","34e08e77764eb2f7cf3d17873de25357","",11353,676.0,615.0,289.0
"E235.3B.NO20-01","ssu18sv8_machida_OSUmod","01_24_22-SetB","E235.3B.NO20-01_Machida18S_osu1034","pmel_ome_osu1034","2","nM","Qubit Fluorometer","10","ACTGAGCG","CTAAGCCT","E235.3B.NO20-01_Machida18S_osu1034_R1.fastq.gz","E235.3B.NO20-01_Machida18S_osu1034_R2.fastq.gz","71d199db70f8c0df6b34799b698033e2","fcfc2eae9451453013aad0a50f311817","",15757,6901.0,905.0,377.0
"E236.1B.NO20-01","ssu18sv8_machida_OSUmod","01_24_22-SetB","E236.1B.NO20-01_Machida18S_osu1034","pmel_ome_osu1034","2","nM","Qubit Fluorometer","10","TAGCGCTC","ACTGCATA","E236.1B.NO20-01_Machida18S_osu1034_R1.fastq.gz","E236.1B.NO20-01_Machida18S_osu1034_R2.fastq.gz","9f9fe896870561f440e5b638eaa75258","b05c50c370a5bc37f28343810273f808","https://www.ncbi.nlm.nih.gov/biosample/SAMN35688273",17341,9935.0,467.0,230.0
"E236.2B.NO20-01","ssu18sv8_machida_OSUmod","01_24_22-SetB","E236.2B.NO20-01_Machida18S_osu1034","pmel_ome_osu1034","2","nM","Qubit Fluorometer","10","TAGCGCTC","CTAAGCCT","E236.2B.NO20-01_Machida18S_osu1034_R1.fastq.gz","E236.2B.NO20-01_Machida18S_osu1034_R2.fastq.gz","f0273bfa0db0a3c3831e4d1fdb259ea2","67fe18362aca89d8a8bfd314d0441925","",15080,10185.0,435.0,196.0
"E236.3B.NO20-01","ssu18sv8_machida_OSUmod","01_24_22-SetD","E236.3B.NO20-01_Machida18S_osu1034","pmel_ome_osu1034","2","nM","Qubit Fluorometer","10","TCGACGTC","TCGACTAG","E236.3B.NO20-01_Machida18S_osu1034_R1.fastq.gz","E236.3B.NO20-01_Machida18S_osu1034_R2.fastq.gz","fe9ab0ef7bfe0eab4b1e241e1cd633b8","dfc851778b0bf907afb32fe9729aac17","",31851,21402.0,290.0,157.0
"E243.1B.NO20-01","ssu18sv8_machida_OSUmod","01_24_22-SetB","E243.1B.NO20-01_Machida18S_osu1034","pmel_ome_osu1034","2","nM","Qubit Fluorometer","10","ATGCGCAG","GTAAGGAG","E243.1B.NO20-01_Machida18S_osu1034_R1.fastq.gz","E243.1B.NO20-01_Machida18S_osu1034_R2.fastq.gz","3bbf1fb2d6b93f3d9c7f5d6aa2e33e04","e9b08fd3b4c72e9ec06438e8ab24b80d","https://www.ncbi.nlm.nih.gov/biosample/SAMN35688325",21618,10773.0,1128.0,424.0
"E243.2B.NO20-01","ssu18sv8_machida_OSUmod","01_24_22-SetB","E243.2B.NO20-01_Machida18S_osu1034","pmel_ome_osu1034","2","nM","Qubit Fluorometer","10","TACGCTGC","ACTGCATA","E243.2B.NO20-01_Machida18S_osu1034_R1.fastq.gz","E243.2B.NO20-01_Machida18S_osu1034_R2.fastq.gz","01bcf59346a31475f2ac828495f26465","c8a3f0c17e3967f45c3bd35632dc0a8f","",20419,8407.0,1069.0,414.0
"E244.1B.NO20-01","ssu18sv8_machida_OSUmod","01_24_22-SetB","E244.1B.NO20-01_Machida18S_osu1034","pmel_ome_osu1034","2","nM","Qubit Fluorometer","10","ATGCGCAG","CTAAGCCT","E244.1B.NO20-01_Machida18S_osu1034_R1.fastq.gz","E244.1B.NO20-01_Machida18S_osu1034_R2.fastq.gz","3bbe150bba1e090246c4ee7372d78964","7674e016f31c408b437fb0d43ccd632f","",8855,4164.0,609.0,259.0
"E244.2B.NO20-01","ssu18sv8_machida_OSUmod","01_24_22-SetB","E244.2B.NO20-01_Machida18S_osu1034","pmel_ome_osu1034","2","nM","Qubit Fluorometer","10","ATGCGCAG","CTCTCTAT","E244.2B.NO20-01_Machida18S_osu1034_R1.fastq.gz","E244.2B.NO20-01_Machida18S_osu1034_R2.fastq.gz","68652e60b9a0cd013dfc067b26a2e859","91897b3ad69bfbc2cce93e865a9e166f","https://www.ncbi.nlm.nih.gov/biosample/SAMN35688283",23402,14162.0,668.0,276.0
"E245.1B.NO20-01","ssu18sv8_machida_OSUmod","01_24_22-SetB","E245.1B.NO20-01_Machida18S_osu1034","pmel_ome_osu1034","2","nM","Qubit Fluorometer","10","GGAGCTAC","AAGGAGTA","E245.1B.NO20-01_Machida18S_osu1034_R1.fastq.gz","E245.1B.NO20-01_Machida18S_osu1034_R2.fastq.gz","1e66618344bc2c32c47503888e10c2e5","52abe6b3cd8d925af6447c7c453a6022","https://www.ncbi.nlm.nih.gov/biosample/SAMN35688324",11888,5712.0,1010.0,387.0
"E245.2B.NO20-01","ssu18sv8_machida_OSUmod","01_24_22-SetB","E245.2B.NO20-01_Machida18S_osu1034","pmel_ome_osu1034","2","nM","Qubit Fluorometer","10","GGAGCTAC","TCTCTCCG","E245.2B.NO20-01_Machida18S_osu1034_R1.fastq.gz","E245.2B.NO20-01_Machida18S_osu1034_R2.fastq.gz","263f64b779e049c41854da901569e126","0f6a409aded49848e4e63a40bcc1d5c7","",5741,3360.0,893.0,342.0
"E246.1B.NO20-01","ssu18sv8_machida_OSUmod","01_24_22-SetB","E246.1B.NO20-01_Machida18S_osu1034","pmel_ome_osu1034","2","nM","Qubit Fluorometer","10","TACGCTGC","GTAAGGAG","E246.1B.NO20-01_Machida18S_osu1034_R1.fastq.gz","E246.1B.NO20-01_Machida18S_osu1034_R2.fastq.gz","bcf89bd674078ff7855c8224f6c7c93b","de03f48dddaa3a161da92aa6932acb2c","https://www.ncbi.nlm.nih.gov/biosample/SAMN35688282",24680,12863.0,712.0,277.0
"E246.2B.NO20-01","ssu18sv8_machida_OSUmod","01_24_22-SetB","E246.2B.NO20-01_Machida18S_osu1034","pmel_ome_osu1034","2","nM","Qubit Fluorometer","10","ATGCGCAG","TATCCTCT","E246.2B.NO20-01_Machida18S_osu1034_R1.fastq.gz","E246.2B.NO20-01_Machida18S_osu1034_R2.fastq.gz","26bfd8fe3dbe5747ca1de13856552d10","7ab0ded98ae2fc9d92dffbb7659943e0","",21576,11089.0,625.0,261.0
"E247.1B.NO20-01","ssu18sv8_machida_OSUmod","01_24_22-SetB","E247.1B.NO20-01_Machida18S_osu1034","pmel_ome_osu1034","2","nM","Qubit Fluorometer","10","GGAGCTAC","CTAAGCCT","E247.1B.NO20-01_Machida18S_osu1034_R1.fastq.gz","E247.1B.NO20-01_Machida18S_osu1034_R2.fastq.gz","dd99365e9e2804a9936becb7adbce7ef","b56b5b08efa84d606c87e534193a2793","https://www.ncbi.nlm.nih.gov/biosample/SAMN35688322",18435,9929.0,1024.0,405.0
"E247.2B.NO20-01","ssu18sv8_machida_OSUmod","01_24_22-SetB","E247.2B.NO20-01_Machida18S_osu1034","pmel_ome_osu1034","2","nM","Qubit Fluorometer","10","ATGCGCAG","ACTGCATA","E247.2B.NO20-01_Machida18S_osu1034_R1.fastq.gz","E247.2B.NO20-01_Machida18S_osu1034_R2.fastq.gz","29abe588c1a1b7db1add0696afe87f5d","8f0f37afce87922de9e00b48391e05de","",18574,12360.0,1066.0,413.0
"E248.1B.NO20-01","ssu18sv8_machida_OSUmod","01_24_22-SetB","E248.1B.NO20-01_Machida18S_osu1034","pmel_ome_osu1034","2","nM","Qubit Fluorometer","10","GGAGCTAC","CGTCTAAT","E248.1B.NO20-01_Machida18S_osu1034_R1.fastq.gz","E248.1B.NO20-01_Machida18S_osu1034_R2.fastq.gz","9d5cfa3ce227e8d166e1e470a7a57c07","09d53820c47774cf9e06510f9b1bec62","",10284,6937.0,807.0,321.0
"E248.2B.NO20-01","ssu18sv8_machida_OSUmod","01_24_22-SetB","E248.2B.NO20-01_Machida18S_osu1034","pmel_ome_osu1034","2","nM","Qubit Fluorometer","10","TACGCTGC","CTAAGCCT","E248.2B.NO20-01_Machida18S_osu1034_R1.fastq.gz","E248.2B.NO20-01_Machida18S_osu1034_R2.fastq.gz","138ecabe4129fcbc4a7558f82b8eb9ba","b97273e25ff5136c7dbd210c190451df","https://www.ncbi.nlm.nih.gov/biosample/SAMN35688280",18899,9237.0,750.0,299.0
"E251.1B.NO20-01","ssu18sv8_machida_OSUmod","01_24_22-SetB","E251.1B.NO20-01_Machida18S_osu1034","pmel_ome_osu1034","2","nM","Qubit Fluorometer","10","GGAGCTAC","ACTGCATA","E251.1B.NO20-01_Machida18S_osu1034_R1.fastq.gz","E251.1B.NO20-01_Machida18S_osu1034_R2.fastq.gz","19d754fc762e5a48cb16a88317d98bb3","69b21678d21f247a2e986689ac1a1c83","https://www.ncbi.nlm.nih.gov/biosample/SAMN35688320",16110,9853.0,1025.0,401.0
"E251.2B.NO20-01","ssu18sv8_machida_OSUmod","01_24_22-SetB","E251.2B.NO20-01_Machida18S_osu1034","pmel_ome_osu1034","2","nM","Qubit Fluorometer","10","ATGCGCAG","CGTCTAAT","E251.2B.NO20-01_Machida18S_osu1034_R1.fastq.gz","E251.2B.NO20-01_Machida18S_osu1034_R2.fastq.gz","91d6d6ec278d70ede8f092e5b2450aba","1c041e40e09758793bc285f69b98b738","",17664,11396.0,963.0,360.0
"E252.2B.NO20-01","ssu18sv8_machida_OSUmod","01_24_22-SetB","E252.2B.NO20-01_Machida18S_osu1034","pmel_ome_osu1034","2","nM","Qubit Fluorometer","10","TACGCTGC","CTCTCTAT","E252.2B.NO20-01_Machida18S_osu1034_R1.fastq.gz","E252.2B.NO20-01_Machida18S_osu1034_R2.fastq.gz","b5c24728050cef69a7b09781a57b323e","abcdb4d30c5493e307be455016c2c73e","https://www.ncbi.nlm.nih.gov/biosample/SAMN35688278",16473,8729.0,583.0,244.0
"E253.NO20-01","ssu18sv8_machida_OSUmod","01_24_22-SetB","E253.NO20-01_Machida18S_osu1034","pmel_ome_osu1034","2","nM","Qubit Fluorometer","10","TACGCTGC","AAGGAGTA","E253.NO20-01_Machida18S_osu1034_R1.fastq.gz","E253.NO20-01_Machida18S_osu1034_R2.fastq.gz","190b8da34ccedd6c4da449be6a134f10","e29d3222cc2e554f5282754f9d75a340","https://www.ncbi.nlm.nih.gov/biosample/SAMN35688319",16884,10586.0,933.0,375.0
"E254.NO20-01","ssu18sv8_machida_OSUmod","01_24_22-SetB","E254.NO20-01_Machida18S_osu1034","pmel_ome_osu1034","2","nM","Qubit Fluorometer","10","ATGCGCAG","TCTCTCCG","E254.NO20-01_Machida18S_osu1034_R1.fastq.gz","E254.NO20-01_Machida18S_osu1034_R2.fastq.gz","3e0b620d2130fb998651512ac93c0dd8","88e6bd1073ead6bddd3565ddd2fe443b","https://www.ncbi.nlm.nih.gov/biosample/SAMN35688277",23635,16066.0,643.0,269.0
"E255.1B.NO20-01","ssu18sv8_machida_OSUmod","01_24_22-SetB","E255.1B.NO20-01_Machida18S_osu1034","pmel_ome_osu1034","2","nM","Qubit Fluorometer","10","GGAGCTAC","CTCTCTAT","E255.1B.NO20-01_Machida18S_osu1034_R1.fastq.gz","E255.1B.NO20-01_Machida18S_osu1034_R2.fastq.gz","38681e9b424be0174f476d02582abb80","d601a63766089967ccca4fb868782881","https://www.ncbi.nlm.nih.gov/biosample/SAMN35688318",19653,7788.0,1215.0,456.0
"E255.2B.NO20-01","ssu18sv8_machida_OSUmod","01_24_22-SetB","E255.2B.NO20-01_Machida18S_osu1034","pmel_ome_osu1034","2","nM","Qubit Fluorometer","10","TACGCTGC","TCTCTCCG","E255.2B.NO20-01_Machida18S_osu1034_R1.fastq.gz","E255.2B.NO20-01_Machida18S_osu1034_R2.fastq.gz","4b9d2bc87c747f526faf68c464c98765","c0d935217ebbd265e1cd7e3d38b5e20b","",20454,11885.0,882.0,347.0
"E256.1B.NO20-01","ssu18sv8_machida_OSUmod","01_24_22-SetB","E256.1B.NO20-01_Machida18S_osu1034","pmel_ome_osu1034","2","nM","Qubit Fluorometer","10","ACTCGCTA","AAGGAGTA","E256.1B.NO20-01_Machida18S_osu1034_R1.fastq.gz","E256.1B.NO20-01_Machida18S_osu1034_R2.fastq.gz","8444a89cca943a56aa7633248b77d88c","805d6de5b5928e6035db1f6692e4fd24","https://www.ncbi.nlm.nih.gov/biosample/SAMN35688276",15895,10285.0,729.0,313.0
"E256.2B.NO20-01","ssu18sv8_machida_OSUmod","01_24_22-SetB","E256.2B.NO20-01_Machida18S_osu1034","pmel_ome_osu1034","2","nM","Qubit Fluorometer","10","TACGCTGC","TATCCTCT","E256.2B.NO20-01_Machida18S_osu1034_R1.fastq.gz","E256.2B.NO20-01_Machida18S_osu1034_R2.fastq.gz","954cbc36db8667390b1245dc0ed4dc42","8366dbe690134676a876dc17006e2d5f","",24278,13944.0,978.0,380.0
"E257.1B.NO20-01","ssu18sv8_machida_OSUmod","01_24_22-SetB","E257.1B.NO20-01_Machida18S_osu1034","pmel_ome_osu1034","2","nM","Qubit Fluorometer","10","TGCAGCTA","CTAAGCCT","E257.1B.NO20-01_Machida18S_osu1034_R1.fastq.gz","E257.1B.NO20-01_Machida18S_osu1034_R2.fastq.gz","ab37c954d66ed848036dd0678b070c94","615107e8a012a484f6e28a0579a47025","https://www.ncbi.nlm.nih.gov/biosample/SAMN35688310",22530,14573.0,1470.0,509.0
"E257.2B.NO20-01","ssu18sv8_machida_OSUmod","01_24_22-SetB","E257.2B.NO20-01_Machida18S_osu1034","pmel_ome_osu1034","2","nM","Qubit Fluorometer","10","TGCAGCTA","CGTCTAAT","E257.2B.NO20-01_Machida18S_osu1034_R1.fastq.gz","E257.2B.NO20-01_Machida18S_osu1034_R2.fastq.gz","85f591fd212e04f76d4e589d328aeb8a","cb8ef7cdffcc5ff640d9a2d6290b888c","",17879,11483.0,947.0,352.0
"E258.1B.NO20-01","ssu18sv8_machida_OSUmod","01_24_22-SetB","E258.1B.NO20-01_Machida18S_osu1034","pmel_ome_osu1034","2","nM","Qubit Fluorometer","10","TCGACGTC","TCTCTCCG","E258.1B.NO20-01_Machida18S_osu1034_R1.fastq.gz","E258.1B.NO20-01_Machida18S_osu1034_R2.fastq.gz","e8825ac5af66fc8c4134c20f8c087ce3","47881e056d396f849ee82f1c7eaff5f6","",36399,28646.0,184.0,102.0
"E258.2B.NO20-01","ssu18sv8_machida_OSUmod","01_24_22-SetB","E258.2B.NO20-01_Machida18S_osu1034","pmel_ome_osu1034","2","nM","Qubit Fluorometer","10","TGCAGCTA","TCTCTCCG","E258.2B.NO20-01_Machida18S_osu1034_R1.fastq.gz","E258.2B.NO20-01_Machida18S_osu1034_R2.fastq.gz","2b453f24b744d67887f230fea89bf62e","20457f9b342102b59da0deb317407aa1","https://www.ncbi.nlm.nih.gov/biosample/SAMN35688268",23076,15342.0,546.0,211.0
"E259.1B.NO20-01","ssu18sv8_machida_OSUmod","01_24_22-SetB","E259.1B.NO20-01_Machida18S_osu1034","pmel_ome_osu1034","2","nM","Qubit Fluorometer","10","ACTCGCTA","GTAAGGAG","E259.1B.NO20-01_Machida18S_osu1034_R1.fastq.gz","E259.1B.NO20-01_Machida18S_osu1034_R2.fastq.gz","abb43b51b662b7b827796bf63678b83e","ec8966cd0eb14f782f67a085e36f5299","https://www.ncbi.nlm.nih.gov/biosample/SAMN35688308",22021,10153.0,1424.0,519.0
"E259.2B.NO20-01","ssu18sv8_machida_OSUmod","01_24_22-SetB","E259.2B.NO20-01_Machida18S_osu1034","pmel_ome_osu1034","2","nM","Qubit Fluorometer","10","TCGACGTC","TATCCTCT","E259.2B.NO20-01_Machida18S_osu1034_R1.fastq.gz","E259.2B.NO20-01_Machida18S_osu1034_R2.fastq.gz","dca83c9ecd4266b729c6a72165fd117a","8bbfe2374a2571e372e2278f103c0294","",29557,19920.0,780.0,328.0
"E260.1B.NO20-01","ssu18sv8_machida_OSUmod","01_24_22-SetB","E260.1B.NO20-01_Machida18S_osu1034","pmel_ome_osu1034","2","nM","Qubit Fluorometer","10","TGCAGCTA","ACTGCATA","E260.1B.NO20-01_Machida18S_osu1034_R1.fastq.gz","E260.1B.NO20-01_Machida18S_osu1034_R2.fastq.gz","3bbf83a1a73ef2c7106b6a8e30c11b8a","3d1a6903e41d6bb1ec20a7edbbc7ab61","",11776,9592.0,306.0,132.0
"E260.2B.NO20-01","ssu18sv8_machida_OSUmod","01_24_22-SetB","E260.2B.NO20-01_Machida18S_osu1034","pmel_ome_osu1034","2","nM","Qubit Fluorometer","10","TGCAGCTA","CTCTCTAT","E260.2B.NO20-01_Machida18S_osu1034_R1.fastq.gz","E260.2B.NO20-01_Machida18S_osu1034_R2.fastq.gz","13872728ec4be72927961b4748544dd1","b39f373fffe46c111e1c4b487547b16a","https://www.ncbi.nlm.nih.gov/biosample/SAMN35688266",30196,22240.0,303.0,134.0
"E261.1B.NO20-01","ssu18sv8_machida_OSUmod","01_24_22-SetB","E261.1B.NO20-01_Machida18S_osu1034","pmel_ome_osu1034","2","nM","Qubit Fluorometer","10","ACTCGCTA","TATCCTCT","E261.1B.NO20-01_Machida18S_osu1034_R1.fastq.gz","E261.1B.NO20-01_Machida18S_osu1034_R2.fastq.gz","5b7bcea6532f800a519ed4ca14e6999b","0ef76b8e7155455273883fd8da011a9e","https://www.ncbi.nlm.nih.gov/biosample/SAMN35688307",25612,11915.0,1146.0,429.0
"E261.2B.NO20-01","ssu18sv8_machida_OSUmod","01_24_22-SetB","E261.2B.NO20-01_Machida18S_osu1034","pmel_ome_osu1034","2","nM","Qubit Fluorometer","10","TCGACGTC","GTAAGGAG","E261.2B.NO20-01_Machida18S_osu1034_R1.fastq.gz","E261.2B.NO20-01_Machida18S_osu1034_R2.fastq.gz","226f7a621ec9b14ad4ede964fe10855e","aa44747de163b56e6842e6c283352456","",31439,15709.0,1228.0,443.0
"E262.1B.NO20-01","ssu18sv8_machida_OSUmod","01_24_22-SetB","E262.1B.NO20-01_Machida18S_osu1034","pmel_ome_osu1034","2","nM","Qubit Fluorometer","10","ACTCGCTA","ACTGCATA","E262.1B.NO20-01_Machida18S_osu1034_R1.fastq.gz","E262.1B.NO20-01_Machida18S_osu1034_R2.fastq.gz","f29d1590dc33d3ef485e198487263b88","e199759a8b6967b9078ab75ed937e523","https://www.ncbi.nlm.nih.gov/biosample/SAMN35688265",27009,19492.0,320.0,134.0
"E262.2B.NO20-01","ssu18sv8_machida_OSUmod","01_24_22-SetB","E262.2B.NO20-01_Machida18S_osu1034","pmel_ome_osu1034","2","nM","Qubit Fluorometer","10","ACTCGCTA","TCTCTCCG","E262.2B.NO20-01_Machida18S_osu1034_R1.fastq.gz","E262.2B.NO20-01_Machida18S_osu1034_R2.fastq.gz","7ed76288197ee7d8fa4823a6d0914989","2c31f3f05ee51051378e17e1af7dbec1","",28670,16811.0,293.0,133.0
"E263.2B.NO20-01","ssu18sv8_machida_OSUmod","01_24_22-SetB","E263.2B.NO20-01_Machida18S_osu1034","pmel_ome_osu1034","2","nM","Qubit Fluorometer","10","TCGACGTC","CGTCTAAT","E263.2B.NO20-01_Machida18S_osu1034_R1.fastq.gz","E263.2B.NO20-01_Machida18S_osu1034_R2.fastq.gz","f552e63ec2084de7dd10a4fdecf6f4cc","a9ffde4ec96d5c76d7452dcbcc18c3b9","https://www.ncbi.nlm.nih.gov/biosample/SAMN35688305",21013,13949.0,1198.0,475.0
"E264.1B.NO20-01","ssu18sv8_machida_OSUmod","01_24_22-SetB","E264.1B.NO20-01_Machida18S_osu1034","pmel_ome_osu1034","2","nM","Qubit Fluorometer","10","ACTCGCTA","CTAAGCCT","E264.1B.NO20-01_Machida18S_osu1034_R1.fastq.gz","E264.1B.NO20-01_Machida18S_osu1034_R2.fastq.gz","3ecedb1be588bc232c12e485dd36a9b0","d0c3341a6b28473d69ba8428a35accca","https://www.ncbi.nlm.nih.gov/biosample/SAMN35688263",35555,27342.0,451.0,205.0
"E264.2B.NO20-01","ssu18sv8_machida_OSUmod","01_24_22-SetB","E264.2B.NO20-01_Machida18S_osu1034","pmel_ome_osu1034","2","nM","Qubit Fluorometer","10","ACTCGCTA","CGTCTAAT","E264.2B.NO20-01_Machida18S_osu1034_R1.fastq.gz","E264.2B.NO20-01_Machida18S_osu1034_R2.fastq.gz","3085b574069462212902034fbbb0a5cd","b597f489846520fa61769340f5f689c0","",25966,18398.0,400.0,184.0
"E266.2B.NO20-01","ssu18sv8_machida_OSUmod","01_24_22-SetB","E266.2B.NO20-01_Machida18S_osu1034","pmel_ome_osu1034","2","nM","Qubit Fluorometer","10","TGCAGCTA","GTAAGGAG","E266.2B.NO20-01_Machida18S_osu1034_R1.fastq.gz","E266.2B.NO20-01_Machida18S_osu1034_R2.fastq.gz","2ff0b8cd592b380e23a5e8fdad886797","49addb75c874623b5bc858a9197bd612","https://www.ncbi.nlm.nih.gov/biosample/SAMN35688261",30186,21039.0,448.0,189.0
"E267.1B.NO20-01","ssu18sv8_machida_OSUmod","01_24_22-SetB","E267.1B.NO20-01_Machida18S_osu1034","pmel_ome_osu1034","2","nM","Qubit Fluorometer","10","TCGACGTC","CTAAGCCT","E267.1B.NO20-01_Machida18S_osu1034_R1.fastq.gz","E267.1B.NO20-01_Machida18S_osu1034_R2.fastq.gz","8cbd3416fb9fff77b4542afe3581a79d","9951b22e420877dc99785e8f0152475b","https://www.ncbi.nlm.nih.gov/biosample/SAMN35688303",40217,31755.0,694.0,312.0
"E267.2B.NO20-01","ssu18sv8_machida_OSUmod","01_24_22-SetB","E267.2B.NO20-01_Machida18S_osu1034","pmel_ome_osu1034","2","nM","Qubit Fluorometer","10","TCGACGTC","ACTGCATA","E267.2B.NO20-01_Machida18S_osu1034_R1.fastq.gz","E267.2B.NO20-01_Machida18S_osu1034_R2.fastq.gz","64e08f18b5da6f50195be4dbe1114a1d","a1054d14f8523db4b805d1b52a1cac5f","",35845,26330.0,706.0,304.0
"E268.1B.NO20-01","ssu18sv8_machida_OSUmod","01_24_22-SetB","E268.1B.NO20-01_Machida18S_osu1034","pmel_ome_osu1034","2","nM","Qubit Fluorometer","10","TGCAGCTA","TATCCTCT","E268.1B.NO20-01_Machida18S_osu1034_R1.fastq.gz","E268.1B.NO20-01_Machida18S_osu1034_R2.fastq.gz","47e9a5035cb6a519a2bf2848f661d887","47f40cf4be4013a2e1a73b1cf58eafc2","https://www.ncbi.nlm.nih.gov/biosample/SAMN35688260",38787,30754.0,551.0,269.0
"E268.2B.NO20-01","ssu18sv8_machida_OSUmod","01_24_22-SetB","E268.2B.NO20-01_Machida18S_osu1034","pmel_ome_osu1034","2","nM","Qubit Fluorometer","10","TGCAGCTA","AAGGAGTA","E268.2B.NO20-01_Machida18S_osu1034_R1.fastq.gz","E268.2B.NO20-01_Machida18S_osu1034_R2.fastq.gz","c4135da50e25837f1784b1eac14fc828","151e202448b8d7a6d1d129dad2fd33ed","",34738,26991.0,561.0,262.0
"E271.1B.NO20-01","ssu18sv8_machida_OSUmod","01_24_22-SetB","E271.1B.NO20-01_Machida18S_osu1034","pmel_ome_osu1034","2","nM","Qubit Fluorometer","10","TACGCTGC","CGTCTAAT","E271.1B.NO20-01_Machida18S_osu1034_R1.fastq.gz","E271.1B.NO20-01_Machida18S_osu1034_R2.fastq.gz","9e2224d2e104a23abb91681d31ff818a","fed86dab5a83054737ae219613356b0d","https://www.ncbi.nlm.nih.gov/biosample/SAMN35688302",16614,10646.0,1290.0,467.0
"E271.2B.NO20-01","ssu18sv8_machida_OSUmod","01_24_22-SetB","E271.2B.NO20-01_Machida18S_osu1034","pmel_ome_osu1034","2","nM","Qubit Fluorometer","10","GGAGCTAC","GTAAGGAG","E271.2B.NO20-01_Machida18S_osu1034_R1.fastq.gz","E271.2B.NO20-01_Machida18S_osu1034_R2.fastq.gz","d9e7d240d339883471e86d1b40a5d5ec","282f39910cc863006ca4246fc0f490c4","",18088,7153.0,1301.0,512.0
"E272.2B.NO20-01","ssu18sv8_machida_OSUmod","01_24_22-SetB","E272.2B.NO20-01_Machida18S_osu1034","pmel_ome_osu1034","2","nM","Qubit Fluorometer","10","GGAGCTAC","TATCCTCT","E272.2B.NO20-01_Machida18S_osu1034_R1.fastq.gz","E272.2B.NO20-01_Machida18S_osu1034_R2.fastq.gz","ae9f39dbae68c2c853c48266b49b6f86","073a3cae23f74640b3beccaf66a6f790","",21220,16975.0,155.0,94.0
"E287.1B.NO20-01","ssu18sv8_machida_OSUmod","01_24_22-SetD","E287.1B.NO20-01_Machida18S_osu1034","pmel_ome_osu1034","2","nM","Qubit Fluorometer","10","TCGACGTC","GCGTAAGA","E287.1B.NO20-01_Machida18S_osu1034_R1.fastq.gz","E287.1B.NO20-01_Machida18S_osu1034_R2.fastq.gz","002fa04af9ee1d02d693b5e2b89d983a","7608f0739b3c78312607b62c5873cbf5","https://www.ncbi.nlm.nih.gov/biosample/SAMN35688296",35431,24328.0,1138.0,451.0
"E287.2B.NO20-01","ssu18sv8_machida_OSUmod","01_24_22-SetB","E287.2B.NO20-01_Machida18S_osu1034","pmel_ome_osu1034","2","nM","Qubit Fluorometer","10","TCGACGTC","AAGGAGTA","E287.2B.NO20-01_Machida18S_osu1034_R1.fastq.gz","E287.2B.NO20-01_Machida18S_osu1034_R2.fastq.gz","a06331752fb404750fb4f0c165c56eef","532d7069226ff14151a5e4c0e36604bb","",33100,24647.0,1103.0,414.0
"E287.3B.NO20-01","ssu18sv8_machida_OSUmod","01_24_22-SetB","E287.3B.NO20-01_Machida18S_osu1034","pmel_ome_osu1034","2","nM","Qubit Fluorometer","10","TCGACGTC","CTCTCTAT","E287.3B.NO20-01_Machida18S_osu1034_R1.fastq.gz","E287.3B.NO20-01_Machida18S_osu1034_R2.fastq.gz","14c5cde0220cee506542c074f1e5c62d","11554624da20cb432a79fb4d746a1d38","",48398,37793.0,936.0,395.0
"E288.1B.NO20-01","ssu18sv8_machida_OSUmod","01_24_22-SetB","E288.1B.NO20-01_Machida18S_osu1034","pmel_ome_osu1034","2","nM","Qubit Fluorometer","10","ACTCGCTA","CTCTCTAT","E288.1B.NO20-01_Machida18S_osu1034_R1.fastq.gz","E288.1B.NO20-01_Machida18S_osu1034_R2.fastq.gz","3a02cbf644c09d9e3e19789db2832e00","58a41d454e4bbf7fa3c59d9ac2cb2df7","https://www.ncbi.nlm.nih.gov/biosample/SAMN35688254",28304,20860.0,960.0,373.0
"E288.2B.NO20-01","ssu18sv8_machida_OSUmod","01_24_22-SetD","E288.2B.NO20-01_Machida18S_osu1034","pmel_ome_osu1034","2","nM","Qubit Fluorometer","10","ATGCGCAG","CTATTAAG","E288.2B.NO20-01_Machida18S_osu1034_R1.fastq.gz","E288.2B.NO20-01_Machida18S_osu1034_R2.fastq.gz","061aec7325b6021b81f31616e3ad5c88","fa81b2a0660e5ec2afbf75042673b28e","",22738,15177.0,1775.0,591.0
"E289.1B.NO20-01","ssu18sv8_machida_OSUmod","01_24_22-SetB","E289.1B.NO20-01_Machida18S_osu1034","pmel_ome_osu1034","2","nM","Qubit Fluorometer","10","ACTGAGCG","TCTCTCCG","E289.1B.NO20-01_Machida18S_osu1034_R1.fastq.gz","E289.1B.NO20-01_Machida18S_osu1034_R2.fastq.gz","2134c55d290302e7a775be7b3acf4dcd","cfc5c1ba450a4f8503d2074c7248976a","",18363,11474.0,1174.0,433.0
"E289.2B.NO20-01","ssu18sv8_machida_OSUmod","01_24_22-SetD","E289.2B.NO20-01_Machida18S_osu1034","pmel_ome_osu1034","2","nM","Qubit Fluorometer","10","TCGACGTC","TTCTAGCT","E289.2B.NO20-01_Machida18S_osu1034_R1.fastq.gz","E289.2B.NO20-01_Machida18S_osu1034_R2.fastq.gz","96f9e94838a158c3865b1667ab2884d0","264a8496d0d96ff9980c46c94dbe8e03","https://www.ncbi.nlm.nih.gov/biosample/SAMN35688294",49978,37524.0,959.0,403.0
"E289.3B.NO20-01","ssu18sv8_machida_OSUmod","01_24_22-SetD","E289.3B.NO20-01_Machida18S_osu1034","pmel_ome_osu1034","2","nM","Qubit Fluorometer","10","TCGACGTC","AAGGCTAT","E289.3B.NO20-01_Machida18S_osu1034_R1.fastq.gz","E289.3B.NO20-01_Machida18S_osu1034_R2.fastq.gz","f986f6a2a7a17432bdb05c36a4f0abbc","00c96714c60c1e626054901e16eb90b0","",44123,31299.0,784.0,336.0
"E290.1B.NO20-01","ssu18sv8_machida_OSUmod","01_24_22-SetB","E290.1B.NO20-01_Machida18S_osu1034","pmel_ome_osu1034","2","nM","Qubit Fluorometer","10","ACTGAGCG","TATCCTCT","E290.1B.NO20-01_Machida18S_osu1034_R1.fastq.gz","E290.1B.NO20-01_Machida18S_osu1034_R2.fastq.gz","e2ed867435e2b0208ba51f6b03d4edfe","72af566cf3a22ad5f838ddbbb2d15815","",25311,16562.0,1182.0,453.0
"E290.2B.NO20-01","ssu18sv8_machida_OSUmod","01_24_22-SetD","E290.2B.NO20-01_Machida18S_osu1034","pmel_ome_osu1034","2","nM","Qubit Fluorometer","10","TCGACGTC","GAGCCTTA","E290.2B.NO20-01_Machida18S_osu1034_R1.fastq.gz","E290.2B.NO20-01_Machida18S_osu1034_R2.fastq.gz","d0b867ee654d8f427339a1828ad5d38a","508934063f8e3f9e69f3445b314ae008","https://www.ncbi.nlm.nih.gov/biosample/SAMN35688252",38196,29385.0,710.0,292.0
"E290.3B.NO20-01","ssu18sv8_machida_OSUmod","01_24_22-SetB","E290.3B.NO20-01_Machida18S_osu1034","pmel_ome_osu1034","2","nM","Qubit Fluorometer","10","ACTGAGCG","GTAAGGAG","E290.3B.NO20-01_Machida18S_osu1034_R1.fastq.gz","E290.3B.NO20-01_Machida18S_osu1034_R2.fastq.gz","0fbff1525ffc29408ca0589d7f02831b","94c57d767cf1670bc8f08d6c4010042b","",27257,18809.0,653.0,282.0
"E293.1B.NO20-01","ssu18sv8_machida_OSUmod","01_24_22-SetD","E293.1B.NO20-01_Machida18S_osu1034","pmel_ome_osu1034","2","nM","Qubit Fluorometer","10","ATGCGCAG","AAGGCTAT","E293.1B.NO20-01_Machida18S_osu1034_R1.fastq.gz","E293.1B.NO20-01_Machida18S_osu1034_R2.fastq.gz","3e642d6d4adc845c1ee1f0992f908e9a","f8f47fcb114d27fed69f789f7ec60615","https://www.ncbi.nlm.nih.gov/biosample/SAMN35688292",34304,25457.0,804.0,347.0
"E293.3B.NO20-01","ssu18sv8_machida_OSUmod","01_24_22-SetD","E293.3B.NO20-01_Machida18S_osu1034","pmel_ome_osu1034","2","nM","Qubit Fluorometer","10","ATGCGCAG","CCTAGAGT","E293.3B.NO20-01_Machida18S_osu1034_R1.fastq.gz","E293.3B.NO20-01_Machida18S_osu1034_R2.fastq.gz","b996fc66ab17bebd18ced4143c159fb0","5a29f022966915c2427d70a9b06a0c84","",27705,18157.0,878.0,372.0
"E294.1B.NO20-01","ssu18sv8_machida_OSUmod","01_24_22-SetD","E294.1B.NO20-01_Machida18S_osu1034","pmel_ome_osu1034","2","nM","Qubit Fluorometer","10","ATGCGCAG","GAGCCTTA","E294.1B.NO20-01_Machida18S_osu1034_R1.fastq.gz","E294.1B.NO20-01_Machida18S_osu1034_R2.fastq.gz","465f37a0692548696efd295dc3576eb2","401752dcd80dc2410b29090452bd2675","https://www.ncbi.nlm.nih.gov/biosample/SAMN35688250",28609,20077.0,503.0,253.0
"E295.1B.NO20-01","ssu18sv8_machida_OSUmod","01_24_22-SetD","E295.1B.NO20-01_Machida18S_osu1034","pmel_ome_osu1034","2","nM","Qubit Fluorometer","10","TCGACGTC","CTATTAAG","E295.1B.NO20-01_Machida18S_osu1034_R1.fastq.gz","E295.1B.NO20-01_Machida18S_osu1034_R2.fastq.gz","be84aeb0035edf7a14b0769746e18425","ecf9d5f7cdc2c3582c3b6b61bd0c65c6","https://www.ncbi.nlm.nih.gov/biosample/SAMN35688298",36135,27693.0,534.0,261.0
"E295.2B.NO20-01","ssu18sv8_machida_OSUmod","01_24_22-SetB","E295.2B.NO20-01_Machida18S_osu1034","pmel_ome_osu1034","2","nM","Qubit Fluorometer","10","CGATCAGT","TCTCTCCG","E295.2B.NO20-01_Machida18S_osu1034_R1.fastq.gz","E295.2B.NO20-01_Machida18S_osu1034_R2.fastq.gz","3a857c3104f13cf1c31360678562192f","da629ea677cc93d9f438c38847401bac","",19831,13416.0,1310.0,487.0
"E295.3B.NO20-01","ssu18sv8_machida_OSUmod","01_24_22-SetB","E295.3B.NO20-01_Machida18S_osu1034","pmel_ome_osu1034","2","nM","Qubit Fluorometer","10","ACTGAGCG","ACTGCATA","E295.3B.NO20-01_Machida18S_osu1034_R1.fastq.gz","E295.3B.NO20-01_Machida18S_osu1034_R2.fastq.gz","32509a043eb63b15d04f71eca7197e73","1f6673744a51d8dee74c4bede34c2438","",22280,15909.0,1414.0,484.0
"E296.1B.NO20-01","ssu18sv8_machida_OSUmod","01_24_22-SetB","E296.1B.NO20-01_Machida18S_osu1034","pmel_ome_osu1034","2","nM","Qubit Fluorometer","10","TAGCGCTC","CTCTCTAT","E296.1B.NO20-01_Machida18S_osu1034_R1.fastq.gz","E296.1B.NO20-01_Machida18S_osu1034_R2.fastq.gz","b84d1d5bdb7afae14cdc8231aa6a8089","ffd3de7e23fab7b2db0add0c514b3f0d","https://www.ncbi.nlm.nih.gov/biosample/SAMN35688256",21237,10420.0,1269.0,457.0
"E296.2B.NO20-01","ssu18sv8_machida_OSUmod","01_24_22-SetB","E296.2B.NO20-01_Machida18S_osu1034","pmel_ome_osu1034","2","nM","Qubit Fluorometer","10","ACTGAGCG","AAGGAGTA","E296.2B.NO20-01_Machida18S_osu1034_R1.fastq.gz","E296.2B.NO20-01_Machida18S_osu1034_R2.fastq.gz","d886eb7ae1955ce92323d862f1963349","edc91bb5ef2b8aa8835dc7d0ce06693e","",16485,10589.0,1283.0,440.0
"E296.3B.NO20-01","ssu18sv8_machida_OSUmod","01_24_22-SetB","E296.3B.NO20-01_Machida18S_osu1034","pmel_ome_osu1034","2","nM","Qubit Fluorometer","10","ATGCGCAG","AAGGAGTA","E296.3B.NO20-01_Machida18S_osu1034_R1.fastq.gz","E296.3B.NO20-01_Machida18S_osu1034_R2.fastq.gz","fe8921fff7a9c337a633ce0610f92a77","433f2019a191cb0d6851839f787ce0de","",22797,16363.0,1343.0,462.0
"E297.1B.NO20-01","ssu18sv8_machida_OSUmod","01_24_22-SetD","E297.1B.NO20-01_Machida18S_osu1034","pmel_ome_osu1034","2","nM","Qubit Fluorometer","10","ATGCGCAG","TTATGCGA","E297.1B.NO20-01_Machida18S_osu1034_R1.fastq.gz","E297.1B.NO20-01_Machida18S_osu1034_R2.fastq.gz","7d016352045172623e05f4dacbcfec37","255a51792ab71355bf4a97a3c0e1d0d3","https://www.ncbi.nlm.nih.gov/biosample/SAMN35688300",26951,18687.0,834.0,355.0
"E298.1B.NO20-01","ssu18sv8_machida_OSUmod","01_24_22-SetD","E298.1B.NO20-01_Machida18S_osu1034","pmel_ome_osu1034","2","nM","Qubit Fluorometer","10","ATGCGCAG","TTCTAGCT","E298.1B.NO20-01_Machida18S_osu1034_R1.fastq.gz","E298.1B.NO20-01_Machida18S_osu1034_R2.fastq.gz","8a64446729eec1627fc866905779f4c0","cdccffb68c980df2ddc4ba8ab1b37ac6","https://www.ncbi.nlm.nih.gov/biosample/SAMN35688258",28833,19249.0,651.0,278.0
"E298.2B.NO20-01","ssu18sv8_machida_OSUmod","01_24_22-SetD","E298.2B.NO20-01_Machida18S_osu1034","pmel_ome_osu1034","2","nM","Qubit Fluorometer","10","ATGCGCAG","GCGTAAGA","E298.2B.NO20-01_Machida18S_osu1034_R1.fastq.gz","E298.2B.NO20-01_Machida18S_osu1034_R2.fastq.gz","6660c2bd9d4cdd7fa66c0eb1a310060b","b741116b50b55f91c0187f4be4833e0c","",39302,29692.0,517.0,250.0
"E298.3B.NO20-01","ssu18sv8_machida_OSUmod","01_24_22-SetD","E298.3B.NO20-01_Machida18S_osu1034","pmel_ome_osu1034","2","nM","Qubit Fluorometer","10","ATGCGCAG","TCGACTAG","E298.3B.NO20-01_Machida18S_osu1034_R1.fastq.gz","E298.3B.NO20-01_Machida18S_osu1034_R2.fastq.gz","a048a8b7f148c874d7700b0280c01f69","3fec08ff691ada1613ced51d6614cbda","",31485,22191.0,536.0,244.0
"E299.1B.NO20-01","ssu18sv8_machida_OSUmod","01_24_22-SetB","E299.1B.NO20-01_Machida18S_osu1034","pmel_ome_osu1034","2","nM","Qubit Fluorometer","10","TAGCGCTC","TATCCTCT","E299.1B.NO20-01_Machida18S_osu1034_R1.fastq.gz","E299.1B.NO20-01_Machida18S_osu1034_R2.fastq.gz","ade7cf8d8305b20092cbe8c7226bdda0","d214f24a4d35522df2272ad4351c207f","https://www.ncbi.nlm.nih.gov/biosample/SAMN35688301",25611,16764.0,829.0,341.0
"E299.2B.NO20-01","ssu18sv8_machida_OSUmod","01_24_22-SetB","E299.2B.NO20-01_Machida18S_osu1034","pmel_ome_osu1034","2","nM","Qubit Fluorometer","10","CGATCAGT","CGTCTAAT","E299.2B.NO20-01_Machida18S_osu1034_R1.fastq.gz","E299.2B.NO20-01_Machida18S_osu1034_R2.fastq.gz","a640d28e7e7e9cce9fb3b4b5cb8e1d9d","41a16ad5e3398fc24ca07105a2fe53ea","",8845,3867.0,1472.0,527.0
"E299.3B.NO20-01","ssu18sv8_machida_OSUmod","01_24_22-SetB","E299.3B.NO20-01_Machida18S_osu1034","pmel_ome_osu1034","2","nM","Qubit Fluorometer","10","ACTGAGCG","CTCTCTAT","E299.3B.NO20-01_Machida18S_osu1034_R1.fastq.gz","E299.3B.NO20-01_Machida18S_osu1034_R2.fastq.gz","69a9b8e3cb355f51a74d53c46fae3413","f497a17257704d17a12b380d2cccc8b7","",17221,9122.0,1520.0,527.0
"E300.1B.NO20-01","ssu18sv8_machida_OSUmod","01_24_22-SetB","E300.1B.NO20-01_Machida18S_osu1034","pmel_ome_osu1034","2","nM","Qubit Fluorometer","10","ACTGAGCG","CGTCTAAT","E300.1B.NO20-01_Machida18S_osu1034_R1.fastq.gz","E300.1B.NO20-01_Machida18S_osu1034_R2.fastq.gz","45b8597c05316d0aa776e10d0619b061","d51a32a4c728cb2389cbbbbf1dfdf433","",12413,7418.0,1419.0,486.0
"E300.2B.NO20-01","ssu18sv8_machida_OSUmod","01_24_22-SetD","E300.2B.NO20-01_Machida18S_osu1034","pmel_ome_osu1034","2","nM","Qubit Fluorometer","10","TCGACGTC","TTATGCGA","E300.2B.NO20-01_Machida18S_osu1034_R1.fastq.gz","E300.2B.NO20-01_Machida18S_osu1034_R2.fastq.gz","329bfc29a03140cbad566e6f7d40d934","c50cdabb2b28d5abf51b71c1f41fe5d7","https://www.ncbi.nlm.nih.gov/biosample/SAMN35688259",33085,23495.0,934.0,366.0
"E300.3B.NO20-01","ssu18sv8_machida_OSUmod","01_24_22-SetB","E300.3B.NO20-01_Machida18S_osu1034","pmel_ome_osu1034","2","nM","Qubit Fluorometer","10","TAGCGCTC","AAGGAGTA","E300.3B.NO20-01_Machida18S_osu1034_R1.fastq.gz","E300.3B.NO20-01_Machida18S_osu1034_R2.fastq.gz","c5b33a8d18645128f4c78d40bf6d390b","7730f939ae9bf622bbc34a86c3b5d525","",22837,14279.0,1471.0,489.0
